Employee_Name,EmpID,MarriedID,MaritalStatusID,GenderID,EmpStatusID,DeptID,PerfScoreID,FromDiversityJobFairID,Salary,Termd,PositionID,Position,State,Zip,DOB,Sex,MaritalDesc,CitizenDesc,HispanicLatino,RaceDesc,DateofHire,DateofTermination,TermReason,EmploymentStatus,Department,ManagerName,ManagerID,RecruitmentSource,PerformanceScore,EngagementSurvey,EmpSatisfaction,SpecialProjectsCount,LastPerformanceReview_Date,DaysLateLast30,Absences
"Wallace, Courtney  E",10274,1,1,0,5,5,3,1,80512,1,18,Production Manager,MA,02478,11/14/1955,F,Married,US Citizen,No,Black or African American,09/26/2011,01/02/2012,Another position,Voluntarily Terminated,Production       ,Janet King,2,Diversity Job Fair,Fully Meets,4.5,3,0,02/01/2012,0,5
"Homberger, Adrienne  J",10195,1,1,0,5,5,3,0,63478,1,20,Production Technician II,MA,02445,02/16/1984,F,Married,Non-Citizen,No,White,08/15/2011,04/07/2012,relocation out of area,Voluntarily Terminated,Production       ,Michael Albert,30,Indeed,Fully Meets,3.03,5,0,05/03/2012,0,16
"Robertson, Peter",10224,1,1,1,5,5,3,0,55578,1,20,Production Technician II,MA,02138,03/07/1972,M ,Married,US Citizen,No,White,05/07/2011,02/08/2012,Another position,Voluntarily Terminated,Production       ,Kissy Sullivan,20,Indeed,Fully Meets,4.2,5,0,06/01/2012,0,13
"Huynh, Ming",10160,0,2,0,5,5,3,0,68182,1,20,Production Technician II,MA,01742,09/22/1976,F,Divorced,US Citizen,No,White,02/21/2011,04/01/2013,unhappy,Voluntarily Terminated,Production       ,Amy Dunn,11,Google Search,Fully Meets,3.72,3,0,01/02/2013,0,18
"Tavares, Desiree  ",10221,1,1,0,5,5,3,1,60754,1,19,Production Technician I,MA,01801,03/04/1975,F,Married,Non-Citizen,No,Black or African American,04/27/2009,04/01/2013,Another position,Voluntarily Terminated,Production       ,Webster Butler,39,Diversity Job Fair,Fully Meets,4.5,5,0,02/15/2012,0,11
"Peters, Lauren",10032,1,1,0,5,5,4,0,57954,1,20,Production Technician II,MA,01886,08/17/1986,F,Married,US Citizen,No,White,05/16/2011,02/04/2013,more money,Voluntarily Terminated,Production       ,Ketsia Liebig,19,Indeed,Exceeds,4.2,5,0,01/10/2013,0,12
"Exantus, Susan",10290,1,1,0,4,4,2,0,99280,1,24,Software Engineer,MA,01749,05/15/1987,F,Married,US Citizen,No,Black or African American,02/05/2011,05/06/2013,attendance,Terminated for Cause,Software Engineering,Alex Sweetwater,10,Indeed,Needs Improvement,2.1,5,4,10/08/2012,4,19
"Cloninger, Jennifer",10275,1,1,0,5,5,3,0,64066,1,20,Production Technician II,MA,01752,08/31/1981,F,Married,US Citizen,No,White,05/16/2011,07/01/2013,unhappy,Voluntarily Terminated,Production       ,Brannon Miller,12,Google Search,Fully Meets,4.2,5,0,05/03/2012,0,9
"Foreman, Tanya",10163,1,1,0,5,5,3,0,55965,1,20,Production Technician II,MA,02170,08/11/1983,F,Married,US Citizen,No,White,04/04/2011,09/01/2013,career change,Voluntarily Terminated,Production       ,Ketsia Liebig,19,Google Search,Fully Meets,3.66,3,0,07/01/2012,0,6
"Trzeciak, Cybil",10270,0,0,0,5,5,3,0,74813,1,20,Production Technician II,MA,01778,03/15/1985,F,Single,US Citizen,No,White,10/01/2011,07/02/2014,unhappy,Voluntarily Terminated,Production       ,Amy Dunn,11,LinkedIn,Fully Meets,4.4,3,0,01/05/2014,0,5
"Bunbury, Jessica",10188,1,1,0,5,6,3,0,74326,1,3,Area Sales Manager,VA,21851,01/06/1964,F,Married,Eligible NonCitizen,No,Black or African American,08/15/2011,08/02/2014,Another position,Voluntarily Terminated,Sales,John Smith,17,Google Search,Fully Meets,3.14,5,0,02/10/2013,1,19
"Bondwell, Betsy",10267,0,0,0,5,5,3,0,57815,1,20,Production Technician II,MA,02210,01/16/1967,F,Single,US Citizen,No,White,10/01/2011,04/04/2014,career change,Voluntarily Terminated,Production       ,Elijiah Gray,16,Google Search,Fully Meets,4.8,5,0,03/04/2014,0,5
"Ndzi, Colombui",10215,0,0,1,5,5,3,1,50470,1,19,Production Technician I,MA,02110,02/05/1989,M ,Single,US Citizen,No,Black or African American,09/26/2011,04/04/2014,return to school,Voluntarily Terminated,Production       ,Webster Butler,39,Diversity Job Fair,Fully Meets,4.3,3,0,03/02/2013,0,19
"Miller, Ned",10298,0,0,1,5,5,1,0,55800,1,20,Production Technician II,MA,02472,06/29/1985,M ,Single,US Citizen,No,White,08/15/2011,09/04/2014,unhappy,Voluntarily Terminated,Production       ,Brannon Miller,12,LinkedIn,PIP,3,2,0,01/14/2013,6,6
"Bozzi, Charles",10175,0,0,1,5,5,3,0,74312,1,18,Production Manager,MA,01901,10/03/1970,M ,Single,US Citizen,No,Asian,09/30/2013,08/07/2014,retiring,Voluntarily Terminated,Production       ,Janet King,2,Indeed,Fully Meets,3.39,3,0,02/20/2014,0,14
"Kirill, Alexandra  ",10170,1,1,0,5,5,3,0,45433,1,19,Production Technician I,MA,02127,08/10/1970,F,Married,US Citizen,No,White,09/26/2011,09/01/2014,more money,Voluntarily Terminated,Production       ,Amy Dunn,11,Google Search,Fully Meets,3.49,4,0,01/30/2013,0,6
"Gross, Paula",10059,0,2,0,5,5,3,0,63813,1,19,Production Technician I,MA,02176,05/21/1983,F,Divorced,US Citizen,No,White,02/21/2011,11/01/2014,more money,Voluntarily Terminated,Production       ,Kelley Spirea,18,CareerBuilder,Fully Meets,5,5,0,06/03/2013,0,17
"Panjwani, Nina",10148,1,1,0,5,5,3,0,63515,1,19,Production Technician I,MA,02351,01/05/1979,F,Married,US Citizen,No,White,07/02/2011,12/01/2014,Another position,Voluntarily Terminated,Production       ,Elijiah Gray,16,Google Search,Fully Meets,3.89,4,0,03/04/2013,0,7
"Wallace, Theresa",10293,0,0,0,5,5,2,0,50274,1,19,Production Technician I,MA,01887,02/08/1980,F,Single,US Citizen,No,White,08/13/2012,01/09/2015,career change,Voluntarily Terminated,Production       ,Elijiah Gray,16,CareerBuilder,Needs Improvement,2.5,3,0,09/05/2014,6,13
"Kinsella, Kathleen  ",10166,1,1,0,5,5,3,0,54005,1,19,Production Technician I,MA,02170,08/12/1973,F,Married,US Citizen,No,White,09/26/2011,06/04/2015,more money,Voluntarily Terminated,Production       ,Webster Butler,39,Google Search,Fully Meets,3.6,5,0,03/01/2015,0,16
"Demita, Carla",10100,0,3,0,5,5,3,0,58275,1,20,Production Technician II,MA,02343,02/25/1951,F,Separated,US Citizen,No,Black or African American,04/04/2011,04/11/2015,more money,Voluntarily Terminated,Production       ,Kelley Spirea,18,Google Search,Fully Meets,4.62,5,0,05/06/2015,0,1
"Ruiz, Ricardo",10222,0,2,1,5,3,3,1,148999,1,13,IT Manager - DB,MA,01915,04/01/1964,M ,Divorced,US Citizen,No,Black or African American,09/01/2012,04/11/2015,hours,Voluntarily Terminated,IT/IS,Jennifer Zamora,5,Diversity Job Fair,Fully Meets,4.3,4,6,01/04/2015,0,8
"Gill, Whitney  ",10142,0,4,0,4,6,3,0,59370,1,3,Area Sales Manager,OH,43050,10/07/1971,F,Widowed,US Citizen,No,Black or African American,07/07/2014,05/09/2015,attendance,Terminated for Cause,Sales,John Smith,17,CareerBuilder,Fully Meets,3.97,4,0,01/15/2014,0,7
"Patronick, Lucas",10005,0,0,1,5,4,4,1,108987,1,24,Software Engineer,MA,01844,02/20/1979,M ,Single,US Citizen,No,Black or African American,07/11/2011,07/09/2015,Another position,Voluntarily Terminated,Software Engineering,Alex Sweetwater,10,Diversity Job Fair,Exceeds,5,5,3,08/16/2015,0,13
"Wilber, Barry",10048,1,1,1,5,5,3,0,55140,1,19,Production Technician I,MA,02324,09/09/1965,M ,Married,Eligible NonCitizen,No,White,05/16/2011,07/09/2015,unhappy,Voluntarily Terminated,Production       ,Amy Dunn,11,Website,Fully Meets,5,3,0,02/15/2015,0,7
"Sloan, Constance",10095,0,0,0,5,5,3,0,63878,1,20,Production Technician II,MA,01851,11/25/1987,F,Single,US Citizen,No,White,10/26/2009,08/04/2015,maternity leave - did not return,Voluntarily Terminated,Production       ,Michael Albert,22,CareerBuilder,Fully Meets,4.68,4,0,04/02/2015,0,20
"Becker, Renee",10245,0,0,0,4,3,3,0,110000,1,8,Database Administrator,MA,02026,04/04/1986,F,Single,US Citizen,Yes,White,07/07/2014,12/09/2015,performance,Terminated for Cause,IT/IS,Simon Roup,4,Google Search,Fully Meets,4.5,4,5,01/15/2015,0,8
"Landa, Hans",10092,1,1,1,4,5,3,0,82758,1,18,Production Manager,MA,01890,01/07/1972,M ,Married,US Citizen,No,White,10/01/2011,12/12/2015,attendance,Terminated for Cause,Production       ,Janet King,2,Employee Referral,Fully Meets,4.78,4,0,02/15/2015,0,9
"Jung, Judy  ",10138,1,1,0,5,5,3,0,61154,1,19,Production Technician I,MA,02446,04/17/1986,F,Married,US Citizen,No,Black or African American,10/01/2011,01/04/2016,unhappy,Voluntarily Terminated,Production       ,Elijiah Gray,16,CareerBuilder,Fully Meets,4,4,0,02/03/2016,0,4
"Pearson, Randall",10259,1,1,1,5,3,3,0,93093,1,9,Data Analyst,MA,02747,05/09/1984,M ,Married,US Citizen,No,White,01/12/2014,01/05/2016,performance,Voluntarily Terminated,IT/IS,Simon Roup,4,Employee Referral,Fully Meets,4.7,4,5,01/16/2016,0,19
"Veera, Abdellah ",10014,0,2,1,5,5,4,0,58523,1,19,Production Technician I,MA,02171,01/31/1987,M ,Divorced,US Citizen,No,White,08/13/2012,05/02/2016,maternity leave - did not return,Voluntarily Terminated,Production       ,Kissy Sullivan,20,LinkedIn,Exceeds,4.5,5,0,02/01/2016,0,15
"Theamstern, Sophia",10141,0,0,0,5,5,3,0,48413,1,19,Production Technician I,MA,02066,09/05/1965,F,Single,US Citizen,No,White,05/07/2011,05/09/2016,return to school,Voluntarily Terminated,Production       ,Amy Dunn,11,Indeed,Fully Meets,3.98,4,0,03/02/2016,0,1
"Anderson, Carol ",10069,0,2,0,5,5,3,0,50825,1,19,Production Technician I,MA,02169,08/09/1989,F,Divorced,US Citizen,No,White,11/07/2011,06/09/2016,return to school,Voluntarily Terminated,Production       ,Webster Butler,39,Google Search,Fully Meets,5,4,0,02/01/2016,0,2
"Volk, Colleen",10022,1,1,0,4,5,4,0,49773,1,19,Production Technician I,MA,02747,03/06/1986,F,Married,US Citizen,No,White,09/26/2011,08/02/2016,gross misconduct,Terminated for Cause,Production       ,Kelley Spirea,18,Google Search,Exceeds,4.3,5,0,02/01/2015,0,18
"DeGweck,  James",10070,1,1,1,5,5,3,0,55722,1,19,Production Technician I,MA,01810,10/31/1977,M ,Married,US Citizen,No,White,05/16/2011,08/06/2016,unhappy,Voluntarily Terminated,Production       ,Webster Butler,39,Indeed,Fully Meets,5,4,0,04/02/2016,0,14
"Meads, Elizabeth",10128,0,0,0,5,5,3,1,62659,1,19,Production Technician I,MA,01760,05/30/1968,F,Single,US Citizen,No,Black or African American,02/04/2012,11/11/2016,Another position,Voluntarily Terminated,Production       ,Kelley Spirea,18,Diversity Job Fair,Fully Meets,4.18,4,0,02/05/2016,0,17
"Tredinnick, Neville ",10044,1,1,1,5,3,3,0,75281,1,15,Network Engineer,MA,01420,05/05/1988,M ,Married,US Citizen,No,White,05/01/2015,12/02/2016,medical issues,Voluntarily Terminated,IT/IS,Peter Monroe,7,CareerBuilder,Fully Meets,5,3,5,04/15/2015,0,11
"Bates, Norman",10061,0,0,1,4,5,3,0,57834,1,19,Production Technician I,MA,02050,10/18/1981,M ,Single,US Citizen,No,White,02/21/2011,04/08/2017,attendance,Terminated for Cause,Production       ,Kelley Spirea,18,Google Search,Fully Meets,5,4,0,04/05/2017,0,20
"Barton, Nader",10066,0,2,1,5,5,3,0,52505,1,19,Production Technician I,MA,02747,07/15/1977,M ,Divorced,US Citizen,No,White,09/24/2012,04/06/2017,Another position,Voluntarily Terminated,Production       ,Michael Albert,22,On-line Web application,Fully Meets,5,5,0,03/02/2017,0,1
"Eaton, Marianne",10064,1,1,0,5,5,3,0,60070,1,19,Production Technician I,MA,02343,05/09/1991,F,Married,US Citizen,No,White,04/04/2011,06/06/2017,military,Voluntarily Terminated,Production       ,Kissy Sullivan,20,Google Search,Fully Meets,5,3,0,04/09/2017,0,7
"Tejeda, Lenora ",10146,1,1,0,5,5,3,0,72202,1,20,Production Technician II,MA,02129,05/24/1953,F,Married,US Citizen,No,White,05/16/2011,08/07/2017,Another position,Voluntarily Terminated,Production       ,Elijiah Gray,16,Google Search,Fully Meets,3.93,3,0,04/18/2017,0,3
"Baczenski, Rachael  ",10252,1,1,0,5,5,3,1,54670,1,19,Production Technician I,MA,01902,12/01/1974,F,Married,US Citizen,Yes,Black or African American,10/01/2011,12/01/2017,Another position,Voluntarily Terminated,Production       ,David Stanley,14,Diversity Job Fair,Fully Meets,4.2,4,0,01/30/2016,0,12
"O'hare, Lynn",10303,0,0,0,4,5,1,0,52674,1,19,Production Technician I,MA,02152,09/30/1980,F,Single,US Citizen,No,Two or more races,03/31/2014,01/05/2018,performance,Terminated for Cause,Production       ,Kissy Sullivan,20,LinkedIn,PIP,2.33,2,0,03/09/2018,6,3
"Power, Morissa",10187,0,2,0,5,5,3,0,46799,1,19,Production Technician I,MA,01742,10/15/1984,F,Divorced,Eligible NonCitizen,No,Asian,05/16/2011,04/06/2018,Another position,Voluntarily Terminated,Production       ,Kissy Sullivan,20,Google Search,Fully Meets,3.17,4,0,04/02/2018,0,14
"Rarrick, Quinn",10152,0,2,1,5,5,3,0,61729,1,19,Production Technician I,MA,02478,12/31/1984,M ,Divorced,US Citizen,No,White,09/26/2011,07/04/2018,more money,Voluntarily Terminated,Production       ,Michael Albert,22,Indeed,Fully Meets,3.8,5,0,02/04/2018,0,19
"Roehrich, Bianca",10149,0,0,0,5,3,3,0,120000,1,29,Principal Data Architect,MA,02703,05/27/1973,F,Single,US Citizen,Yes,White,05/01/2015,11/10/2018,Another position,Voluntarily Terminated,IT/IS,Simon Roup,4,LinkedIn,Fully Meets,3.88,3,7,02/13/2018,0,12
"Ybarra, Catherine ",10301,0,0,0,5,5,1,0,48513,1,19,Production Technician I,MA,02458,04/05/1982,F,Single,US Citizen,No,Asian,02/09/2008,09/29/2015,Another position,Voluntarily Terminated,Production       ,Brannon Miller,12,Google Search,PIP,3.2,2,0,09/02/2015,5,4
"Estremera, Miguel",10280,0,0,1,4,5,2,0,60340,1,19,Production Technician I,MA,02129,02/09/1983,M ,Single,US Citizen,No,White,02/04/2012,09/27/2018,attendance,Terminated for Cause,Production       ,Michael Albert,22,Google Search,Needs Improvement,5,4,0,04/12/2018,5,16
"Linares, Marilyn ",10186,1,1,0,5,5,3,0,52624,1,19,Production Technician I,MA,01886,03/26/1981,F,Married,US Citizen,No,White,05/07/2011,09/26/2018,unhappy,Voluntarily Terminated,Production       ,Michael Albert,22,Indeed,Fully Meets,3.18,4,0,03/02/2018,0,16
"MacLennan, Samuel",10191,0,4,1,5,5,3,0,52788,1,19,Production Technician I,MA,01938,09/11/1972,M ,Widowed,US Citizen,No,White,09/24/2012,09/26/2017,hours,Voluntarily Terminated,Production       ,Amy Dunn,11,Indeed,Fully Meets,3.08,4,0,04/01/2017,0,18
"Close, Phil",10269,1,1,1,5,5,3,0,59369,1,20,Production Technician II,MA,02169,11/25/1978,M ,Married,US Citizen,No,White,08/30/2010,09/26/2011,career change,Voluntarily Terminated,Production       ,David Stanley,14,Indeed,Fully Meets,4.2,4,0,05/04/2011,0,6
"Smith, Leigh Ann",10153,1,1,0,5,1,3,1,55000,1,2,Administrative Assistant,MA,01844,06/14/1987,F,Married,US Citizen,No,Black or African American,09/26/2011,09/25/2013,career change,Voluntarily Terminated,Admin Offices,Brandon R. LeBlanc,1,Diversity Job Fair,Fully Meets,3.8,4,4,08/15/2013,0,17
"Akinkuolie, Sarah",10196,1,1,0,5,5,3,0,64955,1,20,Production Technician II,MA,01810,09/19/1988,F,Married,US Citizen,No,White,05/07/2011,09/24/2012,hours,Voluntarily Terminated,Production       ,Kissy Sullivan,20,LinkedIn,Fully Meets,3.02,3,0,05/15/2012,0,3
"Immediato, Walter",10289,1,1,1,5,5,2,0,83082,1,18,Production Manager,MA,02128,11/15/1976,M ,Married,US Citizen,No,Asian,02/21/2011,09/24/2012,unhappy,Voluntarily Terminated,Production       ,Janet King,2,Indeed,Needs Improvement,2.34,2,0,04/12/2012,3,4
"Cole, Spencer",10292,0,0,1,4,5,2,0,59144,1,19,Production Technician I,MA,01880,12/08/1979,M ,Single,US Citizen,No,Black or African American,11/07/2011,09/23/2016,performance,Terminated for Cause,Production       ,Kissy Sullivan,20,LinkedIn,Needs Improvement,2,3,0,05/01/2016,5,16
"Barbara, Thomas",10242,1,1,1,5,5,3,1,47211,1,19,Production Technician I,MA,02062,02/21/1974,M ,Married,US Citizen,Yes,Black or African American,02/04/2012,09/19/2016,unhappy,Voluntarily Terminated,Production       ,Kissy Sullivan,20,Diversity Job Fair,Fully Meets,4.2,3,0,05/06/2016,0,15
"Lundy, Susan",10096,0,4,0,5,5,3,0,67237,1,20,Production Technician II,MA,02122,12/26/1976,F,Widowed,US Citizen,No,White,08/07/2013,09/15/2016,more money,Voluntarily Terminated,Production       ,Michael Albert,22,LinkedIn,Fully Meets,4.65,4,0,06/10/2016,0,15
"Pelletier, Ermine",10297,1,1,0,5,5,2,0,60270,1,20,Production Technician II,MA,02472,07/18/1989,F,Married,US Citizen,No,Asian,05/07/2011,09/15/2015,unhappy,Voluntarily Terminated,Production       ,Amy Dunn,11,CareerBuilder,Needs Improvement,2.4,5,0,02/06/2015,5,2
"Thibaud, Kenneth",10268,0,4,1,5,5,3,0,67176,1,20,Production Technician II,MA,02472,09/16/1975,M ,Widowed,US Citizen,No,White,06/25/2007,08/30/2010,military,Voluntarily Terminated,Production       ,Webster Butler,39,Other,Fully Meets,4.1,4,0,07/14/2010,0,15
"Leach, Dallas",10087,0,0,0,5,5,3,0,63676,1,19,Production Technician I,MA,01810,01/17/1979,F,Single,US Citizen,No,Asian,09/26/2011,08/19/2018,return to school,Voluntarily Terminated,Production       ,Kissy Sullivan,20,CareerBuilder,Fully Meets,4.88,3,0,07/02/2017,0,17
"Forrest, Alex",10305,1,1,1,1,6,3,0,70187,1,3,Area Sales Manager,MA,02330,07/07/1975,M ,Married,US Citizen,No,White,09/29/2014,08/19/2018,Fatal attraction,Terminated for Cause,Sales,Lynn Daneault,21,Employee Referral,PIP,2,5,0,01/28/2019,4,7
"Oliver, Brooke ",10078,1,1,0,5,5,3,0,71966,1,20,Production Technician II,MA,02492,11/02/1952,F,Married,US Citizen,No,Asian,05/14/2012,08/19/2013,unhappy,Voluntarily Terminated,Production       ,Webster Butler,39,LinkedIn,Fully Meets,5,3,0,07/02/2013,0,17
"Mancuso, Karen",10073,1,1,0,5,5,3,0,68407,1,20,Production Technician II,MA,02176,10/12/1986,F,Married,US Citizen,No,Two or more races,05/07/2011,08/19/2012,Another position,Voluntarily Terminated,Production       ,Amy Dunn,11,LinkedIn,Fully Meets,5,4,0,07/02/2012,0,16
"Quinn, Sean",10131,1,1,1,5,1,3,1,83363,1,23,Software Engineer,MA,02045,06/11/1984,M ,Married,Eligible NonCitizen,No,Black or African American,02/21/2011,08/15/2015,career change,Voluntarily Terminated,Software Engineering,Janet King,2,Diversity Job Fair,Fully Meets,4.15,4,0,04/19/2014,0,4
"Rossetti, Bruno",10065,0,0,1,5,5,3,0,53180,1,19,Production Technician I,MA,02155,03/18/1987,M ,Single,US Citizen,No,White,04/04/2011,08/13/2018,Another position,Voluntarily Terminated,Production       ,Kissy Sullivan,20,Google Search,Fully Meets,5,5,0,07/02/2018,0,4
"Sadki, Nore  ",10260,0,0,1,5,5,3,0,46428,1,19,Production Technician I,MA,02148,12/21/1974,M ,Single,US Citizen,No,White,05/01/2009,07/30/2018,relocation out of area,Voluntarily Terminated,Production       ,Michael Albert,22,Google Search,Fully Meets,4.6,5,0,02/05/2018,0,7
"Squatrito, Kristen",10030,0,2,0,5,5,4,0,62425,1,19,Production Technician I,MA,02359,03/26/1973,F,Divorced,US Citizen,No,White,05/13/2013,06/29/2015,unhappy,Voluntarily Terminated,Production       ,David Stanley,14,LinkedIn,Exceeds,4.1,4,0,03/02/2015,0,16
"Williams, Jacquelyn  ",10264,0,0,0,5,5,3,1,59728,1,19,Production Technician I,MA,02109,02/10/1969,F,Single,US Citizen,Yes,Black or African American,09/01/2012,06/27/2015,relocation out of area,Voluntarily Terminated,Production       ,Ketsia Liebig,19,Diversity Job Fair,Fully Meets,4.3,4,0,06/02/2014,0,16
"Gilles, Alex",10283,1,1,1,5,5,2,1,54933,1,19,Production Technician I,MA,02062,09/08/1974,M ,Married,US Citizen,No,Black or African American,02/04/2012,06/25/2015,military,Voluntarily Terminated,Production       ,Webster Butler,39,Diversity Job Fair,Needs Improvement,3.97,4,0,01/20/2015,3,15
"Fitzpatrick, Michael  J",10093,0,0,1,5,5,3,0,72609,1,20,Production Technician II,MA,02143,01/10/1981,M ,Single,US Citizen,Yes,White,05/16/2011,06/24/2013,hours,Voluntarily Terminated,Production       ,Amy Dunn,11,Google Search,Fully Meets,4.76,5,0,04/05/2013,0,20
"Hendrickson, Trina",10075,0,0,0,5,5,3,0,68099,1,20,Production Technician II,MA,02021,08/27/1972,F,Single,US Citizen,No,White,10/01/2011,06/18/2013,hours,Voluntarily Terminated,Production       ,Kelley Spirea,18,CareerBuilder,Fully Meets,5,3,0,01/30/2013,0,15
"Purinton, Janine",10262,0,2,0,5,5,3,0,46430,1,19,Production Technician I,MA,02474,09/22/1970,F,Divorced,US Citizen,No,White,09/24/2012,06/18/2013,unhappy,Voluntarily Terminated,Production       ,Kissy Sullivan,20,Indeed,Fully Meets,4.5,5,0,04/02/2013,0,16
"Ait Sidi, Karthikeyan   ",10084,1,1,1,5,3,3,0,104437,1,27,Sr. DBA,MA,02148,05/05/1975,M ,Married,US Citizen,No,White,03/30/2015,06/16/2016,career change,Voluntarily Terminated,IT/IS,Simon Roup,4,Indeed,Fully Meets,4.96,3,6,02/24/2016,0,17
"Brill, Donna",10177,1,1,0,5,5,3,0,53492,1,19,Production Technician I,MA,01701,08/24/1990,F,Married,US Citizen,No,White,02/04/2012,06/15/2013,Another position,Voluntarily Terminated,Production       ,David Stanley,14,Google Search,Fully Meets,3.35,4,0,03/04/2013,0,6
"Gonzalez, Juan",10300,1,1,1,5,5,1,1,68898,1,20,Production Technician II,MA,02128,12/10/1964,M ,Married,US Citizen,No,Black or African American,04/26/2010,05/30/2011,career change,Voluntarily Terminated,Production       ,Brannon Miller,12,Diversity Job Fair,PIP,3,3,0,03/06/2011,3,10
"Ndzi, Horia",10185,1,1,1,5,5,3,0,46664,1,19,Production Technician I,MA,02421,03/28/1983,M ,Married,US Citizen,No,White,01/04/2013,05/25/2016,more money,Voluntarily Terminated,Production       ,Amy Dunn,11,Employee Referral,Fully Meets,3.18,3,0,03/06/2016,0,10
"Peterson, Ebonee  ",10130,1,1,0,5,5,3,0,74669,1,18,Production Manager,MA,02030,09/05/1977,F,Married,US Citizen,No,White,10/25/2010,05/18/2016,Another position,Voluntarily Terminated,Production       ,Janet King,2,Indeed,Fully Meets,4.16,5,0,03/05/2015,0,6
"Ferguson, Susan",10189,1,1,0,5,5,3,0,57748,1,19,Production Technician I,MA,02176,04/14/1955,F,Married,US Citizen,No,White,07/11/2011,05/17/2016,military,Voluntarily Terminated,Production       ,Webster Butler,39,Google Search,Fully Meets,3.13,3,0,02/04/2016,0,16
"Robinson, Cherly",10285,1,1,0,4,5,2,0,61422,1,19,Production Technician I,MA,01460,07/01/1985,F,Married,US Citizen,No,White,10/01/2011,05/17/2016,attendance,Terminated for Cause,Production       ,Ketsia Liebig,19,Indeed,Needs Improvement,3.6,3,0,04/05/2016,4,16
"Whittier, Scott",10072,0,0,1,5,5,3,0,58371,1,19,Production Technician I,MA,02030,05/24/1987,M ,Single,US Citizen,Yes,White,10/01/2011,05/15/2014,hours,Voluntarily Terminated,Production       ,Webster Butler,39,LinkedIn,Fully Meets,5,5,0,05/15/2014,0,11
"Wilkes, Annie",10204,0,2,0,5,5,3,0,58062,1,19,Production Technician I,MA,01876,07/30/1983,F,Divorced,US Citizen,No,White,10/01/2011,05/14/2012,Another position,Voluntarily Terminated,Production       ,Ketsia Liebig,19,Google Search,Fully Meets,3.6,5,0,02/06/2011,0,9
"Johnson, George",10034,1,1,1,5,5,4,0,46837,1,19,Production Technician I,MA,02445,08/19/1959,M ,Married,US Citizen,No,White,07/11/2011,04/29/2018,more money,Voluntarily Terminated,Production       ,Michael Albert,22,CareerBuilder,Exceeds,4.7,4,0,02/14/2018,0,9
"Kampew, Donysha",10244,0,0,0,5,6,3,0,68999,1,21,Sales Manager,PA,19444,11/11/1989,F,Single,US Citizen,No,White,07/11/2011,04/24/2014,maternity leave - did not return,Voluntarily Terminated,Sales,Debra Houlihan,15,Google Search,Fully Meets,4.5,5,0,03/30/2013,0,2
"True, Edward",10102,0,0,1,5,4,3,1,100416,1,24,Software Engineer,MA,02451,06/14/1983,M ,Single,Non-Citizen,No,Black or African American,02/18/2013,04/15/2018,medical issues,Voluntarily Terminated,Software Engineering,Alex Sweetwater,10,Diversity Job Fair,Fully Meets,4.6,3,4,02/12/2017,0,9
"Howard, Estelle",10182,1,1,0,1,1,3,0,49920,1,2,Administrative Assistant,MA,02170,09/16/1985,F,Married,US Citizen,No,Black or African American,02/16/2015,04/15/2015,"no-call, no-show",Terminated for Cause,Admin Offices,Brandon R. LeBlanc,1,Indeed,Fully Meets,3.24,3,4,04/15/2015,0,6
"Latif, Mohammed",10249,1,1,1,5,5,3,0,61962,1,20,Production Technician II,MA,02126,09/05/1984,M ,Married,US Citizen,No,White,02/04/2012,04/15/2013,more money,Voluntarily Terminated,Production       ,Kissy Sullivan,20,Google Search,Fully Meets,4.9,3,0,02/20/2013,0,20
"Langford, Lindsey",10106,0,2,0,5,5,3,0,66074,1,20,Production Technician II,MA,02090,07/25/1979,F,Divorced,US Citizen,No,Asian,07/01/2013,03/31/2014,Another position,Voluntarily Terminated,Production       ,David Stanley,14,Indeed,Fully Meets,4.52,3,0,02/20/2014,0,20
"Goble, Taisha",10246,0,0,0,4,3,3,0,114800,1,8,Database Administrator,MA,02127,10/23/1971,F,Single,US Citizen,No,White,02/16/2015,03/15/2015,"no-call, no-show",Terminated for Cause,IT/IS,Simon Roup,4,Indeed,Fully Meets,4.6,4,4,01/20/2015,0,10
"Evensen, April",10296,0,0,0,4,5,2,0,59124,1,19,Production Technician I,MA,02458,06/05/1989,F,Single,US Citizen,No,White,02/17/2014,02/25/2018,"no-call, no-show",Terminated for Cause,Production       ,Elijiah Gray,16,Google Search,Needs Improvement,2.3,3,0,01/15/2017,5,19
"Voldemort, Lord",10118,1,1,1,4,3,3,0,113999,1,8,Database Administrator,MA,01960,07/08/1986,M ,Married,US Citizen,No,Black or African American,02/16/2015,02/22/2017,"no-call, no-show",Terminated for Cause,IT/IS,Simon Roup,4,Employee Referral,Fully Meets,4.33,3,7,02/15/2017,0,9
"Winthrop, Jordan  ",10033,0,0,1,5,5,4,0,70507,1,20,Production Technician II,MA,02045,07/11/1958,M ,Single,US Citizen,No,White,07/01/2013,02/21/2016,retiring,Voluntarily Terminated,Production       ,Brannon Miller,12,LinkedIn,Exceeds,5,3,0,01/19/2016,0,7
"Booth, Frank",10199,0,0,1,4,3,3,0,103613,1,30,Enterprise Architect,CT,06033,07/30/1964,M ,Single,US Citizen,No,Black or African American,02/17/2014,02/19/2016,Learned that he is a gangster,Terminated for Cause,IT/IS,Simon Roup,4,LinkedIn,Fully Meets,3.5,5,7,01/10/2016,0,2
"Smith, Martin",10286,0,0,1,5,5,2,0,53564,1,19,Production Technician I,MA,02458,03/17/1988,M ,Single,US Citizen,No,Black or African American,10/01/2011,12/28/2017,career change,Voluntarily Terminated,Production       ,Webster Butler,39,Google Search,Needs Improvement,3.54,5,0,04/06/2017,4,15
"Harrington, Christie ",10097,0,0,0,5,5,3,0,52177,1,19,Production Technician I,MA,02324,08/18/1952,F,Single,US Citizen,No,White,09/01/2012,12/15/2015,retiring,Voluntarily Terminated,Production       ,Webster Butler,39,CareerBuilder,Fully Meets,4.64,4,0,05/02/2015,0,8
"Pham, Hong",10050,1,1,1,5,5,3,0,64724,1,19,Production Technician I,MA,02451,06/03/1988,M ,Married,US Citizen,No,Asian,05/07/2011,11/30/2012,more money,Voluntarily Terminated,Production       ,Brannon Miller,12,Google Search,Fully Meets,5,3,0,02/20/2012,0,13
"Gerke, Melisa",10122,0,2,0,5,5,3,1,51505,1,19,Production Technician I,MA,02330,05/15/1970,F,Divorced,US Citizen,No,Black or African American,07/11/2011,11/15/2016,hours,Voluntarily Terminated,Production       ,Elijiah Gray,16,Diversity Job Fair,Fully Meets,4.24,4,0,04/29/2016,0,2
"Chivukula, Enola",10240,0,0,0,5,5,3,0,64786,1,19,Production Technician I,MA,01775,08/27/1983,F,Single,US Citizen,No,White,06/27/2011,11/15/2015,relocation out of area,Voluntarily Terminated,Production       ,Amy Dunn,11,Indeed,Fully Meets,4.3,4,0,03/10/2015,0,3
"Lynch, Lindsay",10004,0,0,0,5,5,4,1,47434,1,19,Production Technician I,MA,01844,02/14/1973,F,Single,US Citizen,Yes,Black or African American,07/11/2011,11/14/2015,Another position,Voluntarily Terminated,Production       ,Webster Butler,39,Diversity Job Fair,Exceeds,5,4,0,02/02/2015,0,17
"Salter, Jason",10229,0,2,1,5,3,3,0,88527,1,9,Data Analyst ,MA,02452,12/17/1987,M ,Divorced,US Citizen,No,Black or African American,05/01/2015,10/31/2015,hours,Voluntarily Terminated,IT/IS,Simon Roup,4,LinkedIn,Fully Meets,4.2,3,5,04/20/2015,0,2
"Guilianno, Mike",10109,0,0,1,5,6,3,0,71707,1,3,Area Sales Manager,TN,37129,09/02/1969,M ,Single,US Citizen,No,Two or more races,07/03/2012,10/31/2014,relocation out of area,Voluntarily Terminated,Sales,John Smith,17,LinkedIn,Fully Meets,4.5,5,0,02/01/2013,0,20
"Perry, Shakira",10171,0,0,0,5,5,3,0,45998,1,19,Production Technician I,MA,02176,07/20/1986,F,Single,US Citizen,No,White,05/16/2011,10/25/2015,medical issues,Voluntarily Terminated,Production       ,Amy Dunn,11,LinkedIn,Fully Meets,3.45,4,0,05/13/2014,0,5
"Roberson, May",10230,0,2,0,5,5,3,0,64971,1,20,Production Technician II,MA,01902,05/09/1981,F,Divorced,Eligible NonCitizen,No,Black or African American,09/26/2011,10/22/2011,return to school,Voluntarily Terminated,Production       ,David Stanley,14,Google Search,Fully Meets,4.5,4,0,10/22/2011,0,10
"Robinson, Alain  ",10047,1,1,1,5,5,3,0,50428,1,19,Production Technician I,MA,01420,07/01/1974,M ,Married,US Citizen,No,Black or African American,10/01/2011,01/26/2016,attendance,Voluntarily Terminated,Production       ,Amy Dunn,11,Indeed,Fully Meets,5,3,0,01/10/2015,0,11
"Rhoads, Thomas",10058,0,2,1,5,5,3,0,45115,1,19,Production Technician I,MA,02176,07/22/1982,M ,Divorced,US Citizen,Yes,White,05/16/2011,01/15/2016,retiring,Voluntarily Terminated,Production       ,Elijiah Gray,16,LinkedIn,Fully Meets,5,4,0,03/30/2015,0,11
"Torrence, Jack",10013,0,3,1,1,6,4,0,64397,0,3,Area Sales Manager,ND,58782,01/15/1968,M ,Separated,US Citizen,No,White,09/01/2006,,N/A-StillEmployed,Active,Sales,Lynn Daneault,21,Indeed,Exceeds,4.1,3,0,01/04/2019,0,6
"Pitt, Brad ",10164,0,0,1,1,5,3,0,47001,0,19,Production Technician I,MA,02451,11/23/1981,M ,Single,US Citizen,No,White,05/11/2007,,N/A-StillEmployed,Active,Production       ,David Stanley,14,Google Search,Fully Meets,3.66,3,0,02/25/2019,0,15
"Alagbe,Trina",10088,1,1,0,1,5,3,0,64991,0,19,Production Technician I,MA,01886,09/27/1988,F,Married,US Citizen,No,White,07/01/2008,,N/A-StillEmployed,Active,Production       ,Elijiah Gray,16,Indeed,Fully Meets,4.84,5,0,01/03/2019,0,15
"Corleone, Vito",10019,0,0,1,1,5,4,0,170500,0,10,Director of Operations,MA,02030,03/19/1983,M ,Single,US Citizen,No,Black or African American,05/01/2009,,N/A-StillEmployed,Active,Production       ,Janet King,2,Indeed,Exceeds,3.7,5,0,02/04/2019,0,15
"Foster-Baker, Amy",10080,1,1,0,1,1,3,0,99351,0,26,Sr. Accountant,MA,02050,04/16/1979,F,Married,US Citizen,no,White,05/01/2009,,N/A-StillEmployed,Active,Admin Offices,Board of Directors,9,Other,Fully Meets,5,3,2,02/08/2019,0,3
"Bachiochi, Linda",10114,0,0,0,3,5,3,1,47837,0,19,Production Technician I,MA,01902,11/02/1970,F,Single,US Citizen,No,Black or African American,06/07/2009,,N/A-StillEmployed,Active,Production       ,Brannon Miller,12,Diversity Job Fair,Fully Meets,4.46,3,0,01/25/2019,0,4
"Sullivan, Kissy ",10158,1,1,0,1,5,3,0,63682,0,18,Production Manager,MA,01776,03/28/1978,F,Married,US Citizen,No,Black or African American,08/01/2009,,N/A-StillEmployed,Active,Production       ,Janet King,2,Indeed,Fully Meets,3.73,4,0,01/24/2019,0,12
"Galia, Lisa",10273,0,0,0,1,3,3,0,65707,0,14,IT Support,CT,06040,06/07/1968,F,Single,US Citizen,No,White,01/05/2010,,N/A-StillEmployed,Active,IT/IS,Eric Dougall,6,LinkedIn,Fully Meets,4.7,4,5,02/01/2019,0,1
"Zamora, Jennifer",10010,0,0,0,1,3,4,0,220450,0,6,CIO,MA,02067,08/30/1979,F,Single,US Citizen,No,White,10/04/2010,,N/A-StillEmployed,Active,IT/IS,Janet King,2,Employee Referral,Exceeds,4.6,5,6,02/21/2019,0,16
"Vega, Vincent",10144,0,2,1,1,5,3,0,88976,0,17,Production Manager,MA,02169,10/10/1968,M ,Divorced,US Citizen,No,White,01/08/2011,,N/A-StillEmployed,Active,Production       ,Janet King,2,Employee Referral,Fully Meets,3.93,3,0,02/27/2019,0,19
"Cierpiszewski, Caroline  ",10168,0,0,0,1,5,3,0,64816,0,19,Production Technician I,MA,02044,05/31/1988,F,Single,Non-Citizen,No,Black or African American,03/10/2011,,N/A-StillEmployed,Active,Production       ,Ketsia Liebig,19,Indeed,Fully Meets,3.58,5,0,01/30/2019,0,3
"Blount, Dianna",10294,0,0,0,1,5,2,0,66441,0,20,Production Technician II,MA,02171,09/21/1990,F,Single,US Citizen,No,White,04/04/2011,,N/A-StillEmployed,Active,Production       ,Michael Albert,22,CareerBuilder,Needs Improvement,2,3,0,02/27/2019,2,3
"Burkett, Benjamin ",10181,1,1,1,1,5,3,0,62162,0,20,Production Technician II,MA,01890,08/19/1977,M ,Married,US Citizen,No,White,04/04/2011,,N/A-StillEmployed,Active,Production       ,Ketsia Liebig,19,Indeed,Fully Meets,3.25,5,0,01/14/2019,0,15
"Beatrice, Courtney ",10055,0,0,0,1,5,3,0,59026,0,19,Production Technician I,MA,01915,10/27/1970,F,Single,Eligible NonCitizen,No,White,04/04/2011,,N/A-StillEmployed,Active,Production       ,Elijiah Gray,16,Google Search,Fully Meets,5,5,0,01/14/2019,0,12
"Valentin,Jackie",10205,1,1,0,1,6,3,0,57859,0,3,Area Sales Manager,AZ,85006,05/23/1991,F,Married,US Citizen,No,Two or more races,05/07/2011,,N/A-StillEmployed,Active,Sales,John Smith,17,Indeed,Fully Meets,2.81,3,0,01/17/2019,0,16
"Jeannite, Tayana",10009,0,2,0,1,5,4,0,60724,0,20,Production Technician II,MA,01821,06/11/1986,F,Divorced,US Citizen,No,American Indian or Alaska Native,05/07/2011,,N/A-StillEmployed,Active,Production       ,Ketsia Liebig,19,LinkedIn,Exceeds,4.6,4,0,02/25/2019,0,11
"Adinolfi, Wilson  K",10026,0,0,1,1,5,4,0,62506,0,19,Production Technician I,MA,01960,10/07/1983,M ,Single,US Citizen,No,White,05/07/2011,,N/A-StillEmployed,Active,Production       ,Michael Albert,22,LinkedIn,Exceeds,4.6,5,0,01/17/2019,0,1
"Fraval, Maruk ",10258,0,0,1,1,6,3,0,67251,0,3,Area Sales Manager,CT,06050,08/28/1963,M ,Single,US Citizen,No,Black or African American,06/09/2011,,N/A-StillEmployed,Active,Sales,Lynn Daneault,21,CareerBuilder,Fully Meets,4.3,3,0,01/27/2019,2,7
"Kreuger, Freddy",10165,0,0,1,1,6,3,1,71339,0,3,Area Sales Manager,NY,10171,02/24/1969,M ,Single,US Citizen,Yes,Black or African American,07/03/2011,,N/A-StillEmployed,Active,Sales,John Smith,17,Diversity Job Fair,Fully Meets,3.65,5,0,01/17/2019,0,20
"Monkfish, Erasumus",10213,1,1,1,1,5,3,0,58207,0,20,Production Technician II,MA,01450,08/17/1992,M ,Married,US Citizen,No,White,07/11/2011,,N/A-StillEmployed,Active,Production       ,David Stanley,14,LinkedIn,Fully Meets,3.7,3,0,01/08/2019,0,14
"Davis, Daniel",10143,0,0,1,1,5,3,0,56294,0,20,Production Technician II,MA,02458,09/14/1979,M ,Single,Eligible NonCitizen,No,Two or more races,07/11/2011,,N/A-StillEmployed,Active,Production       ,Kissy Sullivan,20,LinkedIn,Fully Meets,3.96,4,0,02/27/2019,0,6
"Driver, Elle",10006,0,0,0,1,6,4,0,74241,0,3,Area Sales Manager,CA,90007,08/11/1988,F,Single,US Citizen,No,White,10/01/2011,,N/A-StillEmployed,Active,Sales,Lynn Daneault,21,Indeed,Exceeds,4.77,5,0,01/27/2019,0,14
"Stanford,Barbara  M",10278,0,2,0,1,5,3,0,47961,0,19,Production Technician I,MA,02050,08/25/1982,F,Divorced,US Citizen,No,Two or more races,10/01/2011,,N/A-StillEmployed,Active,Production       ,Kissy Sullivan,20,Google Search,Fully Meets,4.1,4,0,02/07/2019,0,9
"Kretschmer, John",10176,1,1,1,1,5,3,0,63973,0,19,Production Technician I,MA,01801,02/02/1980,M ,Married,US Citizen,No,Asian,10/01/2011,,N/A-StillEmployed,Active,Production       ,Brannon Miller,12,Indeed,Fully Meets,3.38,3,0,01/21/2019,0,17
"Soto, Julia ",10119,1,1,0,1,3,3,0,66593,0,14,IT Support,MA,02360,12/03/1973,F,Married,US Citizen,No,Black or African American,10/06/2011,,N/A-StillEmployed,Active,IT/IS,Eric Dougall,6,LinkedIn,Fully Meets,4.3,3,5,02/08/2019,0,19
"Gonzalez, Cayo",10031,0,2,1,1,5,4,1,59892,0,19,Production Technician I,MA,02108,09/29/1969,M ,Divorced,US Citizen,No,Black or African American,11/07/2011,,N/A-StillEmployed,Active,Production       ,Brannon Miller,12,Diversity Job Fair,Exceeds,4.5,4,0,02/18/2019,0,1
"Dobrin, Denisa  S",10207,0,0,0,1,5,3,0,46335,0,19,Production Technician I,MA,02125,07/10/1986,F,Single,US Citizen,Yes,White,02/04/2012,,N/A-StillEmployed,Active,Production       ,David Stanley,14,CareerBuilder,Fully Meets,3.4,5,0,02/19/2019,0,15
"Petingill, Shana  ",10217,1,1,0,1,5,3,0,74226,0,20,Production Technician II,MA,02050,10/03/1979,F,Married,Eligible NonCitizen,No,Asian,02/04/2012,,N/A-StillEmployed,Active,Production       ,Brannon Miller,12,LinkedIn,Fully Meets,4.3,3,0,01/14/2019,0,14
"Bernstein, Sean",10046,0,0,1,1,5,3,0,51044,0,19,Production Technician I,MA,02072,12/22/1970,M ,Single,US Citizen,Yes,White,02/04/2012,,N/A-StillEmployed,Active,Production       ,Amy Dunn,11,Google Search,Fully Meets,5,3,0,01/14/2019,0,13
"Gordon, David",10051,1,1,1,1,5,3,0,48285,0,19,Production Technician I,MA,02169,05/21/1979,M ,Married,US Citizen,No,White,02/07/2012,,N/A-StillEmployed,Active,Production       ,David Stanley,14,LinkedIn,Fully Meets,5,3,0,01/14/2019,0,2
"Darson, Jene'ya ",10056,1,1,0,1,5,3,0,57583,0,19,Production Technician I,MA,02110,05/11/1978,F,Married,US Citizen,No,White,02/07/2012,,N/A-StillEmployed,Active,Production       ,Elijiah Gray,16,Indeed,Fully Meets,5,3,0,02/25/2019,0,1
"King, Janet",10089,1,1,0,1,2,3,0,250000,0,16,President & CEO,MA,01902,09/21/1954,F,Married,US Citizen,Yes,White,02/07/2012,,N/A-StillEmployed,Active,Executive Office,Board of Directors,9,Indeed,Fully Meets,4.83,3,0,01/17/2019,0,10
"Spirea, Kelley",10090,1,1,0,1,5,3,0,65714,0,18,Production Manager,MA,02451,09/30/1975,F,Married,US Citizen,No,White,02/10/2012,,N/A-StillEmployed,Active,Production       ,Janet King,2,LinkedIn,Fully Meets,4.83,5,0,02/14/2019,0,15
"Villanueva, Noah",10253,0,0,1,1,6,3,0,55875,0,3,Area Sales Manager,ME,04063,11/07/1989,M ,Single,US Citizen,No,Asian,05/03/2012,,N/A-StillEmployed,Active,Sales,John Smith,17,Website,Fully Meets,4.5,4,0,01/18/2019,0,11
"Burke, Joelle",10107,0,0,0,1,5,3,0,63763,0,20,Production Technician II,MA,02148,02/03/1980,F,Single,US Citizen,No,Black or African American,05/03/2012,,N/A-StillEmployed,Active,Production       ,Amy Dunn,11,Employee Referral,Fully Meets,4.51,4,0,02/21/2019,0,3
"Clayton, Rick",10220,0,0,1,1,3,3,0,68678,0,14,IT Support,MA,02170,05/09/1985,M ,Single,US Citizen,No,White,05/09/2012,,N/A-StillEmployed,Active,IT/IS,Eric Dougall,6,Indeed,Fully Meets,4.7,3,6,02/27/2019,0,2
"Saada, Adell",10126,1,1,0,1,4,3,0,86214,0,24,Software Engineer,MA,02132,07/24/1986,F,Married,US Citizen,No,White,05/11/2012,,N/A-StillEmployed,Active,Software Engineering,Alex Sweetwater,10,Indeed,Fully Meets,4.2,3,6,02/13/2019,0,2
"Jackson, Maryellen",10227,0,0,0,1,5,3,0,61242,0,19,Production Technician I,MA,02081,11/09/1972,F,Single,US Citizen,No,Black or African American,05/11/2012,,N/A-StillEmployed,Active,Production       ,David Stanley,14,LinkedIn,Fully Meets,4.1,3,0,01/17/2019,0,7
"Potts, Xana",10124,1,1,0,1,6,3,0,61844,0,3,Area Sales Manager,KY,40220,08/29/1988,F,Married,US Citizen,No,Black or African American,09/01/2012,,N/A-StillEmployed,Active,Sales,Lynn Daneault,21,Website,Fully Meets,4.2,5,0,02/01/2019,0,9
"Fidelia,  Libby",10049,1,1,0,1,5,3,0,58530,0,19,Production Technician I,MA,02155,03/16/1981,F,Married,US Citizen,No,White,09/01/2012,,N/A-StillEmployed,Active,Production       ,Brannon Miller,12,Google Search,Fully Meets,5,5,0,01/29/2019,0,19
"Del Bosque, Keyla",10155,0,0,0,1,4,3,0,101199,0,24,Software Engineer,MA,02176,05/07/1979,F,Single,US Citizen,No,Black or African American,09/01/2012,,N/A-StillEmployed,Active,Software Engineering,Alex Sweetwater,10,CareerBuilder,Fully Meets,3.79,5,5,01/25/2019,0,8
"Anderson, Linda  ",10002,0,0,0,1,5,4,0,57568,0,19,Production Technician I,MA,01844,05/22/1977,F,Single,US Citizen,No,White,09/01/2012,,N/A-StillEmployed,Active,Production       ,Amy Dunn,11,LinkedIn,Exceeds,5,5,0,01/07/2019,0,15
"Moran, Patrick",10223,0,0,1,3,5,3,1,72106,0,20,Production Technician II,MA,02127,03/12/1976,M ,Single,US Citizen,No,Black or African American,09/01/2012,,N/A-StillEmployed,Active,Production       ,Kelley Spirea,18,Diversity Job Fair,Fully Meets,4.1,4,0,01/31/2019,0,12
"Langton, Enrico",10052,1,1,1,1,5,3,0,46120,0,19,Production Technician I,MA,02048,09/12/1986,M ,Married,US Citizen,No,White,09/07/2012,,N/A-StillEmployed,Active,Production       ,David Stanley,14,LinkedIn,Fully Meets,5,5,0,02/04/2019,0,13
"Motlagh,  Dawn",10254,0,2,0,1,5,3,0,63430,0,19,Production Technician I,MA,02453,07/07/1984,F,Divorced,US Citizen,No,White,01/04/2013,,N/A-StillEmployed,Active,Production       ,Elijiah Gray,16,LinkedIn,Fully Meets,4.4,4,0,01/17/2019,0,18
"Ngodup, Shari ",10037,0,3,0,1,5,4,1,52984,0,19,Production Technician I,MA,01810,03/06/1967,F,Separated,US Citizen,No,Black or African American,01/04/2013,,N/A-StillEmployed,Active,Production       ,Brannon Miller,12,Diversity Job Fair,Exceeds,4,3,0,02/13/2019,0,12
"Mckenna, Sandy",10145,1,1,0,1,5,3,0,62810,0,19,Production Technician I,MA,02184,07/01/1987,F,Married,US Citizen,No,Black or African American,07/01/2013,,N/A-StillEmployed,Active,Production       ,Kissy Sullivan,20,CareerBuilder,Fully Meets,3.93,3,0,01/30/2019,0,20
"DiNocco, Lily ",10284,1,1,0,1,5,2,0,61584,0,19,Production Technician I,MA,02351,02/12/1978,F,Married,US Citizen,No,Black or African American,07/01/2013,,N/A-StillEmployed,Active,Production       ,Brannon Miller,12,Indeed,Needs Improvement,3.88,4,0,01/18/2019,0,6
"Nguyen, Dheepa",10042,0,0,0,1,6,3,0,63695,0,3,Area Sales Manager,GA,30428,03/31/1989,F,Single,US Citizen,No,Two or more races,08/07/2013,,N/A-StillEmployed,Active,Sales,Lynn Daneault,21,Indeed,Fully Meets,5,5,0,01/25/2019,0,2
"Robinson, Elias",10020,0,4,1,1,5,4,0,63353,0,19,Production Technician I,MA,01730,01/28/1985,M ,Widowed,US Citizen,No,White,08/07/2013,,N/A-StillEmployed,Active,Production       ,Brannon Miller,12,Employee Referral,Exceeds,3.6,5,0,02/11/2019,0,4
"Nguyen, Lei-Ming",10206,0,0,0,1,5,3,0,62061,0,19,Production Technician I,MA,02132,07/07/1984,F,Single,US Citizen,No,White,08/07/2013,,N/A-StillEmployed,Active,Production       ,David Stanley,14,LinkedIn,Fully Meets,3.6,5,0,01/02/2019,0,4
"Chang, Donovan  E",10154,0,0,1,1,5,3,0,60380,0,19,Production Technician I,MA,01845,08/24/1983,M ,Single,US Citizen,No,White,08/07/2013,,N/A-StillEmployed,Active,Production       ,Webster Butler,,LinkedIn,Fully Meets,3.8,5,0,01/14/2019,0,4
"Myers, Michael",10216,0,0,1,1,5,3,0,57575,0,19,Production Technician I,MA,01550,04/18/1980,M ,Single,US Citizen,No,Asian,08/07/2013,,N/A-StillEmployed,Active,Production       ,Kissy Sullivan,20,LinkedIn,Fully Meets,4.1,4,0,01/22/2019,0,13
"Becker, Scott",10277,0,0,1,3,5,3,0,53250,0,19,Production Technician I,MA,02452,06/04/1979,M ,Single,US Citizen,No,Asian,08/07/2013,,N/A-StillEmployed,Active,Production       ,Webster Butler,,LinkedIn,Fully Meets,4.2,4,0,01/11/2019,0,13
"Linden, Mathew",10137,1,1,1,3,5,3,0,63450,0,20,Production Technician II,MA,01770,03/19/1979,M ,Married,US Citizen,No,White,08/07/2013,,N/A-StillEmployed,Active,Production       ,Kelley Spirea,18,LinkedIn,Fully Meets,4,3,0,02/18/2019,0,7
"Cockel, James",10261,0,0,1,1,5,3,0,63108,0,19,Production Technician I,MA,02452,08/09/1977,M ,Single,US Citizen,No,White,08/07/2013,,N/A-StillEmployed,Active,Production       ,David Stanley,14,Employee Referral,Fully Meets,4.4,5,0,01/14/2019,0,3
"Gold, Shenice  ",10243,0,0,0,1,5,3,0,53018,0,19,Production Technician I,MA,02451,06/18/1992,F,Single,US Citizen,Yes,White,11/11/2013,,N/A-StillEmployed,Active,Production       ,Ketsia Liebig,19,Indeed,Fully Meets,4.3,5,0,02/18/2019,0,7
"Hankard, Earnest",10074,0,0,1,1,5,3,0,64246,0,20,Production Technician II,MA,02155,10/08/1988,M ,Single,US Citizen,Yes,White,11/11/2013,,N/A-StillEmployed,Active,Production       ,Kelley Spirea,18,LinkedIn,Fully Meets,5,3,0,01/08/2019,0,20
"Martin, Sandra",10110,0,0,0,1,4,3,0,105688,0,24,Software Engineer,MA,02135,07/11/1987,F,Single,US Citizen,No,Asian,11/11/2013,,N/A-StillEmployed,Active,Software Engineering,Alex Sweetwater,10,Google Search,Fully Meets,4.5,5,4,01/14/2019,0,14
"Carabbio, Judith",10085,0,0,0,1,4,3,0,93396,0,24,Software Engineer,MA,02132,05/04/1987,F,Single,US Citizen,No,White,11/11/2013,,N/A-StillEmployed,Active,Software Engineering,Alex Sweetwater,10,Indeed,Fully Meets,4.96,4,6,01/30/2019,0,3
"Mangal, Debbie",10279,1,1,0,1,5,3,0,61349,0,19,Production Technician I,MA,02451,07/11/1974,F,Married,US Citizen,No,White,11/11/2013,,N/A-StillEmployed,Active,Production       ,Brannon Miller,12,LinkedIn,Fully Meets,4.1,3,0,01/22/2019,0,11
"Bugali, Josephine ",10203,0,3,0,3,5,3,1,64375,0,19,Production Technician I,MA,02043,10/30/1969,F,Separated,US Citizen,No,Black or African American,11/11/2013,,N/A-StillEmployed,Active,Production       ,Kissy Sullivan,20,Diversity Job Fair,Fully Meets,3.5,5,0,01/21/2019,0,17
"Smith, Sade",10157,0,0,0,1,5,3,0,58939,0,19,Production Technician I,MA,02130,02/02/1965,F,Single,US Citizen,No,White,11/11/2013,,N/A-StillEmployed,Active,Production       ,Ketsia Liebig,19,Employee Referral,Fully Meets,3.73,3,0,01/24/2019,0,16
"Dougall, Eric",10028,0,0,1,1,3,4,0,138888,0,13,IT Manager - Support,MA,01886,09/07/1970,M ,Single,US Citizen,No,Black or African American,05/01/2014,,N/A-StillEmployed,Active,IT/IS,Jennifer Zamora,5,Indeed,Exceeds,4.3,5,5,01/04/2019,0,4
"Daneault, Lynn",10099,0,0,0,1,6,3,0,65729,0,21,Sales Manager,VT,05473,04/19/1990,F,Single,US Citizen,No,White,05/05/2014,,N/A-StillEmployed,Active,Sales,Debra Houlihan,15,Indeed,Fully Meets,4.62,4,0,01/24/2019,0,8
"Houlihan, Debra",10272,1,1,0,1,6,3,0,180000,0,11,Director of Sales,RI,02908,03/17/1966,F,Married,US Citizen,No,White,05/05/2014,,N/A-StillEmployed,Active,Sales,Janet King,2,LinkedIn,Fully Meets,4.5,4,0,01/21/2019,0,19
"Mahoney, Lauren  ",10219,0,0,0,1,5,3,0,45395,0,19,Production Technician I,MA,02189,07/07/1986,F,Single,US Citizen,No,White,06/01/2014,,N/A-StillEmployed,Active,Production       ,Ketsia Liebig,19,LinkedIn,Fully Meets,4.6,4,0,02/26/2019,0,14
"LaRotonda, William  ",10038,0,2,1,1,1,3,0,64520,0,1,Accountant I,MA,01460,04/26/1984,M ,Divorced,US Citizen,No,Black or African American,06/01/2014,,N/A-StillEmployed,Active,Admin Offices,Brandon R. LeBlanc,1,Website,Fully Meets,5,4,4,01/17/2019,0,3
"Rose, Ashley  ",10054,0,3,0,1,5,3,0,60627,0,19,Production Technician I,MA,01886,05/12/1974,F,Separated,US Citizen,No,White,06/01/2014,,N/A-StillEmployed,Active,Production       ,David Stanley,14,Website,Fully Meets,5,4,0,01/31/2019,0,8
"Jhaveri, Sneha  ",10060,0,3,0,1,5,3,0,60436,0,19,Production Technician I,MA,02109,04/13/1964,F,Separated,US Citizen,No,White,06/01/2014,,N/A-StillEmployed,Active,Production       ,Kelley Spirea,18,LinkedIn,Fully Meets,5,5,0,01/21/2019,0,9
"Punjabhi, Louis  ",10225,0,0,1,1,5,3,0,59472,0,19,Production Technician I,MA,02109,06/19/1961,M ,Single,US Citizen,No,White,06/01/2014,,N/A-StillEmployed,Active,Production       ,Kelley Spirea,18,Employee Referral,Fully Meets,4.8,3,0,01/07/2019,0,14
"Erilus, Angela",10299,0,3,0,1,5,1,0,56847,0,20,Production Technician II,MA,02133,08/25/1989,F,Separated,US Citizen,No,White,07/07/2014,,N/A-StillEmployed,Active,Production       ,Michael Albert,22,Indeed,PIP,3,1,0,02/25/2019,2,5
"Billis, Helen",10003,1,1,0,1,5,4,0,62910,0,19,Production Technician I,MA,02031,01/09/1989,F,Married,US Citizen,No,White,07/07/2014,,N/A-StillEmployed,Active,Production       ,Brannon Miller,12,Indeed,Exceeds,5,3,0,02/27/2019,0,19
"Woodson, Jason",10135,0,0,1,1,5,3,0,65893,0,20,Production Technician II,MA,01810,11/05/1985,M ,Single,US Citizen,No,White,07/07/2014,,N/A-StillEmployed,Active,Production       ,Kissy Sullivan,20,LinkedIn,Fully Meets,4.07,4,0,02/28/2019,0,13
"Szabo, Andrew",10024,0,0,1,1,4,4,0,92989,0,24,Software Engineer,MA,02140,06/05/1983,M ,Single,US Citizen,No,White,07/07/2014,,N/A-StillEmployed,Active,Software Engineering,Alex Sweetwater,10,LinkedIn,Exceeds,4.5,5,5,02/18/2019,0,1
"Faller, Megan ",10263,1,1,0,1,5,3,0,71776,0,20,Production Technician II,MA,01824,09/22/1978,F,Married,US Citizen,No,Black or African American,07/07/2014,,N/A-StillEmployed,Active,Production       ,Elijiah Gray,16,LinkedIn,Fully Meets,4.4,5,0,02/22/2019,0,17
"Johnston, Yen",10036,0,0,0,1,5,4,0,63322,0,20,Production Technician II,MA,02128,08/09/1969,F,Single,US Citizen,No,White,07/07/2014,,N/A-StillEmployed,Active,Production       ,Brannon Miller,12,LinkedIn,Exceeds,4.3,3,0,01/11/2019,0,1
"Desimone, Carl ",10310,1,1,1,1,5,1,0,53189,0,19,Production Technician I,MA,02061,04/19/1967,M ,Married,US Citizen,No,White,07/07/2014,,N/A-StillEmployed,Active,Production       ,Amy Dunn,11,Indeed,PIP,1.12,2,0,01/31/2019,4,9
"Barbossa, Hector",10012,0,2,1,1,3,4,1,92328,0,9,Data Analyst,TX,78230,04/07/1988,M ,Divorced,US Citizen,No,Black or African American,10/11/2014,,N/A-StillEmployed,Active,IT/IS,Simon Roup,4,Diversity Job Fair,Exceeds,4.28,4,5,02/25/2019,0,9
"Lajiri,  Jyoti",10113,1,1,1,3,3,3,0,93206,0,28,Sr. Network Engineer,MA,02169,04/23/1986,M ,Married,US Citizen,No,White,10/11/2014,,N/A-StillEmployed,Active,IT/IS,Peter Monroe,7,Employee Referral,Fully Meets,4.46,5,6,01/07/2019,0,7
"Nowlan, Kristie",10104,0,0,0,1,5,3,0,66738,0,20,Production Technician II,MA,01040,11/23/1985,F,Single,US Citizen,No,White,10/11/2014,,N/A-StillEmployed,Active,Production       ,Elijiah Gray,16,Indeed,Fully Meets,4.53,5,0,01/16/2019,0,5
"Petrowsky, Thelma",10016,1,1,0,1,3,4,0,93554,0,9,Data Analyst,MA,01886,09/16/1984,F,Married,US Citizen,No,Black or African American,10/11/2014,,N/A-StillEmployed,Active,IT/IS,Simon Roup,4,Employee Referral,Exceeds,4.6,5,7,01/04/2019,0,16
"Andreola, Colby",10194,0,0,0,1,4,3,0,95660,0,24,Software Engineer,MA,02110,05/24/1979,F,Single,US Citizen,No,White,10/11/2014,,N/A-StillEmployed,Active,Software Engineering,Alex Sweetwater,10,LinkedIn,Fully Meets,3.04,3,4,01/02/2019,0,19
"Engdahl, Jean",10247,0,0,1,1,5,3,0,48888,0,19,Production Technician I,MA,02026,05/31/1974,M ,Single,US Citizen,No,White,10/11/2014,,N/A-StillEmployed,Active,Production       ,Kelley Spirea,18,LinkedIn,Fully Meets,4.7,5,0,02/13/2019,0,8
"Cross, Noah",10083,0,0,1,1,3,3,0,92329,0,28,Sr. Network Engineer,CT,06278,09/09/1965,M ,Single,US Citizen,No,White,10/11/2014,,N/A-StillEmployed,Active,IT/IS,Peter Monroe,7,Employee Referral,Fully Meets,5,3,4,01/02/2019,0,5
"Daniele, Ann  ",10212,1,1,0,3,3,3,0,85028,0,28,Sr. Network Engineer,CT,06033,01/18/1952,F,Married,US Citizen,No,White,10/11/2014,,N/A-StillEmployed,Active,IT/IS,Peter Monroe,7,LinkedIn,Fully Meets,3.1,5,8,02/12/2019,0,19
"Good, Susan",10237,1,1,0,3,5,3,0,66825,0,20,Production Technician II,MA,01886,05/25/1986,F,Married,US Citizen,No,White,12/05/2014,,N/A-StillEmployed,Active,Production       ,David Stanley,14,LinkedIn,Fully Meets,4.6,3,0,02/07/2019,0,20
"Dickinson, Geoff ",10276,0,0,1,1,5,3,0,51259,0,19,Production Technician I,MA,02180,11/15/1982,M ,Single,US Citizen,No,White,12/05/2014,,N/A-StillEmployed,Active,Production       ,Ketsia Liebig,19,Indeed,Fully Meets,4.3,4,0,02/19/2019,0,1
"Chan, Lin",10210,0,0,0,1,5,3,0,54237,0,19,Production Technician I,MA,02170,12/02/1979,F,Single,US Citizen,No,White,12/05/2014,,N/A-StillEmployed,Active,Production       ,Elijiah Gray,16,Indeed,Fully Meets,3.3,4,0,02/19/2019,0,11
"Newman, Richard ",10063,1,1,1,3,5,3,0,48495,0,19,Production Technician I,MA,02136,08/04/1977,M ,Married,US Citizen,No,White,12/05/2014,,N/A-StillEmployed,Active,Production       ,Ketsia Liebig,19,LinkedIn,Fully Meets,5,5,0,02/18/2019,0,11
"Stansfield, Norman",10307,1,1,1,1,6,1,0,58273,0,3,Area Sales Manager,NV,89139,09/05/1974,M ,Married,US Citizen,No,White,12/05/2014,,N/A-StillEmployed,Active,Sales,Lynn Daneault,21,Website,PIP,1.81,2,0,01/17/2019,3,5
"Harrison, Kara",10007,1,1,0,1,5,4,0,62065,0,19,Production Technician I,MA,01886,02/05/1974,F,Married,US Citizen,No,White,12/05/2014,,N/A-StillEmployed,Active,Production       ,Amy Dunn,11,CareerBuilder,Exceeds,4.76,4,0,02/15/2019,0,5
"Ren, Kylo",10140,1,1,1,1,6,3,0,61809,0,3,Area Sales Manager,ID,83706,12/10/1954,M ,Married,US Citizen,No,White,12/05/2014,,N/A-StillEmployed,Active,Sales,John Smith,17,CareerBuilder,Fully Meets,3.98,3,0,01/28/2019,0,4
"Singh, Nan ",10039,0,0,0,1,1,3,0,51920,0,2,Administrative Assistant,MA,02330,05/19/1988,F,Single,US Citizen,No,White,01/05/2015,,N/A-StillEmployed,Active,Admin Offices,Brandon R. LeBlanc,1,Website,Fully Meets,5,3,5,01/15/2019,0,2
"Gray, Elijiah  ",10098,0,2,1,1,5,3,0,62957,0,18,Production Manager,MA,01752,11/07/1981,M ,Divorced,US Citizen,No,White,02/06/2015,,N/A-StillEmployed,Active,Production       ,Janet King,2,Employee Referral,Fully Meets,4.63,3,0,01/04/2019,0,2
"Dolan, Linda",10133,1,1,0,1,3,3,0,70621,0,14,IT Support,MA,02119,07/18/1988,F,Married,US Citizen,No,White,05/01/2015,,N/A-StillEmployed,Active,IT/IS,Peter Monroe,7,Employee Referral,Fully Meets,4.11,4,6,02/25/2019,0,16
"Bacong, Alejandro ",10250,0,2,1,1,3,3,0,50178,0,14,IT Support,MA,01886,07/01/1988,M ,Divorced,US Citizen,No,White,05/01/2015,,N/A-StillEmployed,Active,IT/IS,Peter Monroe,7,Indeed,Fully Meets,5,5,6,02/18/2019,0,16
"Johnson, Noelle ",10156,1,1,0,3,3,3,0,105700,0,8,Database Administrator,MA,02301,07/11/1986,F,Married,US Citizen,No,Asian,05/01/2015,,N/A-StillEmployed,Active,IT/IS,Simon Roup,4,Indeed,Fully Meets,3.75,3,5,02/11/2019,0,2
"Sullivan, Timothy",10117,1,1,1,1,5,3,0,63025,0,19,Production Technician I,MA,02747,07/10/1982,M ,Married,US Citizen,Yes,White,05/01/2015,,N/A-StillEmployed,Active,Production       ,Michael Albert,22,Google Search,Fully Meets,4.36,5,0,01/24/2019,0,10
"Ozark, Travis",10041,0,0,1,1,6,3,0,68829,0,3,Area Sales Manager,NC,27229,05/19/1982,M ,Single,US Citizen,No,White,05/01/2015,,N/A-StillEmployed,Active,Sales,John Smith,17,Website,Fully Meets,5,5,0,01/14/2019,0,18
"Gonzalez, Maria",10101,0,3,0,1,3,3,0,61242,0,14,IT Support,MA,02472,04/16/1981,F,Separated,US Citizen,Yes,White,05/01/2015,,N/A-StillEmployed,Active,IT/IS,Peter Monroe,7,Employee Referral,Fully Meets,4.61,4,5,01/28/2019,0,11
"Cornett, Lisa ",10094,1,1,0,1,5,3,0,63381,0,19,Production Technician I,MA,02189,03/31/1977,F,Married,US Citizen,Yes,White,05/01/2015,,N/A-StillEmployed,Active,Production       ,Kelley Spirea,18,Indeed,Fully Meets,4.73,5,0,02/14/2019,0,6
"Simard, Kramer",10178,1,1,1,1,3,3,0,87826,0,9,Data Analyst,MA,02110,08/02/1970,M ,Married,US Citizen,Yes,White,05/01/2015,,N/A-StillEmployed,Active,IT/IS,Simon Roup,4,Employee Referral,Fully Meets,3.32,3,7,01/14/2019,0,16
"Hutter, Rosalie",10214,0,3,0,2,5,3,0,64995,0,20,Production Technician II,MA,02351,07/05/1992,F,Separated,US Citizen,No,White,05/06/2015,,N/A-StillEmployed,Active,Production       ,Webster Butler,,Indeed,Fully Meets,4.5,3,0,02/14/2019,0,6
"Von Massenbach, Anna",10183,0,0,0,2,5,3,0,62068,0,19,Production Technician I,MA,02124,06/04/1985,F,Single,US Citizen,No,White,05/07/2015,,N/A-StillEmployed,Active,Production       ,Michael Albert,22,LinkedIn,Fully Meets,3.21,3,0,01/29/2019,0,7
"Fernandes, Nilson  ",10308,1,1,1,1,5,1,0,64057,0,19,Production Technician I,MA,02132,10/18/1989,M ,Married,US Citizen,No,White,11/05/2015,,N/A-StillEmployed,Active,Production       ,Amy Dunn,11,Indeed,PIP,1.56,5,0,01/03/2019,6,15
"Le, Binh",10232,0,0,0,1,3,3,0,81584,0,22,Senior BI Developer,MA,01886,06/14/1987,F,Single,US Citizen,No,Asian,02/10/2016,,N/A-StillEmployed,Active,IT/IS,Brian Champaigne,13,Indeed,Fully Meets,4.1,5,7,01/08/2019,0,2
"Rachael, Maggie",10239,1,1,0,1,3,3,0,95920,0,4,BI Developer,MA,02110,12/05/1980,F,Married,US Citizen,No,Black or African American,02/10/2016,,N/A-StillEmployed,Active,IT/IS,Brian Champaigne,13,Indeed,Fully Meets,4.4,4,6,02/06/2019,0,10
"Saar-Beckles, Melinda",10295,0,0,0,2,5,2,1,47750,0,19,Production Technician I,MA,01801,06/06/1968,F,Single,US Citizen,No,Black or African American,04/07/2016,,N/A-StillEmployed,Active,Production       ,Kelley Spirea,18,Diversity Job Fair,Needs Improvement,2.6,4,0,02/18/2019,5,4
"LeBlanc, Brandon  R",10134,1,1,1,1,1,3,0,93046,0,23,Shared Services Manager,MA,01460,10/06/1984,M ,Married,US Citizen,No,White,05/01/2016,,N/A-StillEmployed,Active,Admin Offices,Janet King,2,CareerBuilder,Fully Meets,4.1,4,0,01/28/2019,0,20
"Hunts, Julissa",10201,0,0,0,2,5,3,0,69340,0,20,Production Technician II,MA,02021,11/03/1984,F,Single,US Citizen,No,White,06/06/2016,,N/A-StillEmployed,Active,Production       ,Elijiah Gray,16,LinkedIn,Fully Meets,3,5,0,01/18/2019,0,4
"Crimmings,   Jean",10132,0,0,0,2,5,3,0,56149,0,19,Production Technician I,MA,01821,10/04/1987,F,Single,US Citizen,No,White,06/07/2016,,N/A-StillEmployed,Active,Production       ,Michael Albert,22,LinkedIn,Fully Meets,4.12,5,0,01/28/2019,0,15
"McKinzie, Jac",10202,1,1,1,2,6,3,0,63291,0,3,Area Sales Manager,TX,78789,01/07/1984,M ,Married,US Citizen,No,Two or more races,06/07/2016,,N/A-StillEmployed,Active,Sales,Lynn Daneault,21,Website,Fully Meets,3.4,4,0,01/29/2019,0,7
"Clukey, Elijian",10029,1,1,1,2,5,4,0,50373,0,19,Production Technician I,MA,02134,08/26/1980,M ,Married,US Citizen,No,White,06/07/2016,,N/A-StillEmployed,Active,Production       ,Brannon Miller,12,Employee Referral,Exceeds,4.1,4,0,02/28/2019,0,5
"Champaigne, Brian",10108,1,1,1,1,3,3,0,110929,0,5,BI Director,MA,02045,09/02/1972,M ,Married,US Citizen,No,White,06/09/2016,,N/A-StillEmployed,Active,IT/IS,Jennifer Zamora,5,Indeed,Fully Meets,4.5,5,7,01/15/2019,0,8
"Manchester, Robyn",10077,1,1,0,2,5,3,0,62385,0,20,Production Technician II,MA,02324,08/25/1976,F,Married,US Citizen,No,White,11/05/2016,,N/A-StillEmployed,Active,Production       ,Webster Butler,,LinkedIn,Fully Meets,5,3,0,01/21/2019,0,4
"Roper, Katie",10086,0,0,0,1,3,3,0,150290,0,7,Data Architect,MA,02056,11/21/1972,F,Single,US Citizen,No,Black or African American,07/01/2017,,N/A-StillEmployed,Active,IT/IS,Brian Champaigne,13,Indeed,Fully Meets,4.94,3,5,02/06/2019,0,17
"Navathe, Kurt",10079,0,0,1,1,3,3,0,87921,0,22,Senior BI Developer,MA,02056,04/25/1970,M ,Single,US Citizen,No,Asian,10/02/2017,,N/A-StillEmployed,Active,IT/IS,Brian Champaigne,13,Indeed,Fully Meets,5,3,6,02/25/2019,0,17
"Dee, Randy",10311,1,1,1,1,6,1,0,56991,0,19,Production Technician I,MA,02138,04/15/1988,M ,Married,US Citizen,No,White,09/07/2018,,N/A-StillEmployed,Active,Production       ,Brannon Miller,12,Indeed,Fully Meets,4.3,4,3,01/31/2019,2,2
"Lindsay, Leonara ",10008,0,0,0,1,3,4,1,51777,0,14,IT Support,CT,06070,05/10/1988,F,Single,US Citizen,Yes,Black or African American,01/21/2011,,N/A-StillEmployed,Active,IT/IS,Eric Dougall,6,Diversity Job Fair,Exceeds,4.64,4,5,01/25/2019,0,14
"Handschiegl, Joanne",10125,1,1,0,1,5,3,0,54828,0,19,Production Technician I,MA,02127,03/23/1977,F,Married,US Citizen,No,White,11/28/2011,,N/A-StillEmployed,Active,Production       ,Michael Albert,22,Google Search,Fully Meets,4.2,4,0,02/22/2019,0,13
"Roup,Simon",10198,0,0,1,1,3,3,0,140920,0,13,IT Manager - DB,MA,02481,05/04/1973,M ,Single,US Citizen,No,White,01/20/2013,,N/A-StillEmployed,Active,IT/IS,Jennifer Zamora,5,Indeed,Fully Meets,3.6,5,7,02/18/2019,0,13
"Candie, Calvin",10001,0,0,1,1,5,4,0,72640,0,18,Production Manager,MA,02169,09/08/1983,M ,Single,US Citizen,No,White,01/28/2016,,N/A-StillEmployed,Active,Production       ,Janet King,2,Indeed,Exceeds,5,3,0,02/22/2019,0,14
"Brown, Mia",10238,1,1,0,1,1,3,1,63000,0,1,Accountant I,MA,01450,11/24/1987,F,Married,US Citizen,No,Black or African American,10/27/2008,,N/A-StillEmployed,Active,Admin Offices,Brandon R. LeBlanc,1,Diversity Job Fair,Fully Meets,4.5,2,6,01/15/2019,0,14
"Rivera, Haley  ",10011,1,1,0,1,5,4,0,46738,0,19,Production Technician I,MA,02171,12/01/1973,F,Married,US Citizen,No,Asian,11/28/2011,,N/A-StillEmployed,Active,Production       ,Webster Butler,,Google Search,Exceeds,4.36,5,0,02/11/2019,0,16
"Monroe, Peter",10288,1,1,1,1,3,2,1,157000,0,13,IT Manager - Infra,MA,02134,05/10/1986,M ,Married,Eligible NonCitizen,Yes,Black or African American,02/15/2012,,N/A-StillEmployed,Active,IT/IS,Jennifer Zamora,5,Diversity Job Fair,Needs Improvement,2.39,3,6,02/22/2019,4,13
"DeVito, Tommy",10197,0,0,1,1,3,3,0,96820,0,4,BI Developer,MA,02045,04/09/1983,M ,Single,US Citizen,No,White,02/15/2017,,N/A-StillEmployed,Active,IT/IS,Brian Champaigne,13,Indeed,Fully Meets,3.01,5,7,01/23/2019,0,15
"Wang, Charlie",10172,0,0,1,1,3,3,0,84903,0,22,Senior BI Developer,MA,01887,08/07/1981,M ,Single,US Citizen,No,Asian,02/15/2017,,N/A-StillEmployed,Active,IT/IS,Brian Champaigne,13,Indeed,Fully Meets,3.42,4,7,01/04/2019,0,17
"Givens, Myriam",10255,0,0,0,1,6,3,0,61555,0,3,Area Sales Manager,IN,46204,09/22/1989,F,Single,US Citizen,No,White,02/16/2015,,N/A-StillEmployed,Active,Sales,Lynn Daneault,21,Indeed,Fully Meets,4.5,5,0,01/25/2019,0,20
"Boutwell, Bonalyn",10081,1,1,0,1,1,3,1,106367,0,26,Sr. Accountant,MA,02468,04/04/1987,F,Married,US Citizen,No,Black or African American,02/16/2015,,N/A-StillEmployed,Active,Admin Offices,Brandon R. LeBlanc,3,Diversity Job Fair,Fully Meets,5,4,3,02/18/2019,0,4
"Roby, Lori ",10162,1,1,0,1,3,3,0,89883,0,9,Data Analyst,MA,01886,11/10/1981,F,Married,US Citizen,No,White,02/16/2015,,N/A-StillEmployed,Active,IT/IS,Simon Roup,4,Employee Referral,Fully Meets,3.69,5,6,02/14/2019,0,15
"Morway, Tanya",10151,1,1,0,1,3,3,0,52599,0,15,Network Engineer,MA,02048,04/04/1979,F,Married,US Citizen,No,White,02/16/2015,,N/A-StillEmployed,Active,IT/IS,Peter Monroe,7,CareerBuilder,Fully Meets,3.81,3,6,02/11/2019,0,6
"Lydon, Allison",10057,1,1,0,3,5,3,0,52057,0,19,Production Technician I,MA,02122,10/22/1975,F,Married,US Citizen,No,Black or African American,02/16/2015,,N/A-StillEmployed,Active,Production       ,Elijiah Gray,16,Website,Fully Meets,5,3,0,01/23/2019,0,6
"Fancett, Nicole",10136,0,0,0,1,5,3,0,65902,0,20,Production Technician II,MA,02324,09/27/1987,F,Single,US Citizen,No,Black or African American,02/17/2014,,N/A-StillEmployed,Active,Production       ,Webster Butler,,LinkedIn,Fully Meets,4,4,0,01/07/2019,0,7
"Stoica, Rick",10266,1,1,1,1,5,3,0,61355,0,19,Production Technician I,MA,02301,03/14/1985,M ,Married,US Citizen,No,Asian,02/17/2014,,N/A-StillEmployed,Active,Production       ,Kelley Spirea,18,LinkedIn,Fully Meets,4.7,3,0,01/11/2019,0,4
"Trang, Mei",10287,0,0,0,1,5,2,0,63025,0,19,Production Technician I,MA,02021,05/16/1983,F,Single,US Citizen,No,White,02/17/2014,,N/A-StillEmployed,Active,Production       ,David Stanley,14,LinkedIn,Needs Improvement,2.44,5,0,02/11/2019,4,18
"Owad, Clinton",10281,0,0,1,1,5,2,0,53060,0,19,Production Technician I,MA,01760,11/24/1979,M ,Single,US Citizen,No,Black or African American,02/17/2014,,N/A-StillEmployed,Active,Production       ,Michael Albert,22,LinkedIn,Needs Improvement,4.25,3,0,02/04/2019,4,6
"Knapp, Bradley  J",10208,0,0,1,1,5,3,0,46654,0,19,Production Technician I,MA,01721,10/11/1977,M ,Single,US Citizen,No,Black or African American,02/17/2014,,N/A-StillEmployed,Active,Production       ,Ketsia Liebig,19,LinkedIn,Fully Meets,3.1,3,0,02/06/2019,0,3
"Tippett, Jeanette",10123,0,2,0,1,5,3,0,56339,0,19,Production Technician I,MA,02093,05/06/1967,F,Divorced,US Citizen,No,Black or African American,02/18/2013,,N/A-StillEmployed,Active,Production       ,Brannon Miller,12,Indeed,Fully Meets,4.21,5,0,01/14/2019,0,4
"Dietrich, Jenna  ",10304,0,0,0,1,6,1,0,59231,0,3,Area Sales Manager,WA,98052,05/14/1987,F,Single,US Citizen,Yes,White,02/20/2012,,N/A-StillEmployed,Active,Sales,John Smith,17,Website,PIP,2.3,1,0,01/29/2019,2,17
"Hudson, Jane",10248,0,0,0,1,5,3,0,55425,0,19,Production Technician I,MA,02176,10/06/1986,F,Single,US Citizen,No,White,02/20/2012,,N/A-StillEmployed,Active,Production       ,Ketsia Liebig,19,LinkedIn,Fully Meets,4.8,4,0,01/07/2019,0,4
"Barone, Francesco  A",10265,0,0,1,1,5,3,0,58709,0,19,Production Technician I,MA,01810,07/20/1983,M ,Single,US Citizen,No,Two or more races,02/20/2012,,N/A-StillEmployed,Active,Production       ,Kelley Spirea,18,Google Search,Fully Meets,4.6,4,0,02/14/2019,0,7
"Sparks, Taylor  ",10302,1,1,0,1,5,1,0,64021,0,19,Production Technician I,MA,02093,07/20/1968,F,Married,US Citizen,No,White,02/20/2012,,N/A-StillEmployed,Active,Production       ,Brannon Miller,12,Indeed,PIP,2.4,2,1,02/25/2019,6,20
"Gentry, Mildred",10159,1,1,0,1,5,3,0,51337,0,19,Production Technician I,MA,02145,01/10/1990,F,Married,US Citizen,No,Black or African American,03/30/2015,,N/A-StillEmployed,Active,Production       ,Michael Albert,22,LinkedIn,Fully Meets,3.73,3,0,01/16/2019,0,19
"Goeth, Amon",10228,1,1,1,1,3,3,0,74679,0,14,IT Support,MA,02135,11/24/1989,M ,Married,US Citizen,Yes,White,03/30/2015,,N/A-StillEmployed,Active,IT/IS,Peter Monroe,7,LinkedIn,Fully Meets,4.3,5,7,01/10/2019,0,20
"Fett, Boba",10309,0,0,1,1,3,1,0,53366,0,15,Network Engineer,MA,02138,06/18/1987,M ,Single,US Citizen,No,White,03/30/2015,,N/A-StillEmployed,Active,IT/IS,Peter Monroe,7,LinkedIn,PIP,1.2,3,6,02/04/2019,3,2
"Carthy, B'rigit",10076,0,0,0,1,5,3,0,55315,0,20,Production Technician II,MA,02149,05/21/1987,F,Single,US Citizen,No,Black or African American,03/30/2015,,N/A-StillEmployed,Active,Production       ,Ketsia Liebig,19,LinkedIn,Fully Meets,5,5,0,02/07/2019,0,16
"Costello, Frank",10193,1,1,1,1,3,3,0,83552,0,9,Data Analyst,MA,01810,08/26/1986,M ,Married,US Citizen,No,White,03/30/2015,,N/A-StillEmployed,Active,IT/IS,Simon Roup,4,Indeed,Fully Meets,3.04,3,6,01/22/2019,0,2
"Garcia, Raul",10111,0,0,1,1,5,3,0,52249,0,19,Production Technician I,MA,01905,09/15/1985,M ,Single,US Citizen,Yes,White,03/30/2015,,N/A-StillEmployed,Active,Production       ,David Stanley,14,Employee Referral,Fully Meets,4.5,3,0,02/18/2019,0,5
"Horton, Jayne",10112,0,0,0,1,3,3,0,97999,0,8,Database Administrator,MA,02493,02/21/1984,F,Single,US Citizen,No,White,03/30/2015,,N/A-StillEmployed,Active,IT/IS,Simon Roup,4,Indeed,Fully Meets,4.48,5,6,01/03/2019,0,4
"Zhou, Julia",10043,0,0,0,1,3,3,0,89292,0,9,Data Analyst,MA,02148,02/24/1979,F,Single,US Citizen,No,White,03/30/2015,,N/A-StillEmployed,Active,IT/IS,Simon Roup,4,Employee Referral,Fully Meets,5,3,5,02/01/2019,0,11
"Warfield, Sarah",10127,0,4,0,1,3,3,0,107226,0,28,Sr. Network Engineer,MA,02453,02/05/1978,F,Widowed,US Citizen,No,Asian,03/30/2015,,N/A-StillEmployed,Active,IT/IS,Peter Monroe,7,Employee Referral,Fully Meets,4.2,4,8,02/05/2019,0,7
"Medeiros, Jennifer",10068,0,0,0,1,5,3,0,55688,0,19,Production Technician I,MA,02346,09/22/1976,F,Single,US Citizen,No,White,03/30/2015,,N/A-StillEmployed,Active,Production       ,Michael Albert,22,CareerBuilder,Fully Meets,5,4,0,01/21/2019,0,10
"Turpin, Jumil",10045,1,1,1,1,3,3,0,76029,0,15,Network Engineer,MA,02343,03/31/1969,M ,Married,Eligible NonCitizen,No,White,03/30/2015,,N/A-StillEmployed,Active,IT/IS,Peter Monroe,7,Employee Referral,Fully Meets,5,4,7,01/14/2019,0,8
"Carey, Michael  ",10115,0,0,1,1,5,3,0,52846,0,19,Production Technician I,MA,01701,02/02/1983,M ,Single,US Citizen,No,Black or African American,03/31/2014,,N/A-StillEmployed,Active,Production       ,Kelley Spirea,18,LinkedIn,Fully Meets,4.43,3,0,02/01/2019,0,14
"England, Rex",10235,1,1,1,1,5,3,0,54285,0,19,Production Technician I,MA,02045,08/25/1978,M ,Married,US Citizen,No,White,03/31/2014,,N/A-StillEmployed,Active,Production       ,Kelley Spirea,18,Employee Referral,Fully Meets,4.2,3,0,01/11/2019,0,3
"Dunn, Amy  ",10105,0,0,0,1,5,3,0,75188,0,18,Production Manager,MA,01731,11/28/1973,F,Single,US Citizen,No,White,09/18/2014,,N/A-StillEmployed,Active,Production       ,Janet King,2,Google Search,Fully Meets,4.52,4,0,01/15/2019,0,4
"Sahoo, Adil",10233,1,1,1,1,5,3,0,57975,0,20,Production Technician II,MA,02062,04/26/1986,M ,Married,US Citizen,No,White,08/30/2010,,N/A-StillEmployed,Active,Production       ,Kelley Spirea,18,CareerBuilder,Fully Meets,4.1,3,0,01/10/2019,0,13
"Ivey, Rose ",10139,0,0,0,1,5,3,0,51908,0,19,Production Technician I,MA,01775,01/28/1991,F,Single,US Citizen,No,White,08/19/2013,,N/A-StillEmployed,Active,Production       ,Brannon Miller,12,Indeed,Fully Meets,3.99,3,0,01/14/2019,0,14
"Shields, Seffi",10091,1,1,0,1,5,3,0,52087,0,19,Production Technician I,MA,02149,08/24/1985,F,Married,US Citizen,No,White,08/19/2013,,N/A-StillEmployed,Active,Production       ,Amy Dunn,11,LinkedIn,Fully Meets,4.81,4,0,02/15/2019,0,15
"Lunquist, Lisa",10035,0,0,0,1,5,4,0,73330,0,20,Production Technician II,MA,02324,03/28/1982,F,Single,US Citizen,No,Black or African American,08/19/2013,,N/A-StillEmployed,Active,Production       ,Elijiah Gray,16,Indeed,Exceeds,4.2,4,0,02/12/2019,0,19
"Khemmich, Bartholemew",10231,0,0,1,1,6,3,0,65310,0,3,Area Sales Manager,CO,80820,11/27/1979,M ,Single,US Citizen,No,White,08/19/2013,,N/A-StillEmployed,Active,Sales,Lynn Daneault,21,Indeed,Fully Meets,4.3,5,0,01/22/2019,0,13
"Goyal, Roxana",10256,1,1,0,3,5,3,0,49256,0,19,Production Technician I,MA,01864,09/10/1974,F,Married,US Citizen,No,Asian,08/19/2013,,N/A-StillEmployed,Active,Production       ,Kissy Sullivan,20,LinkedIn,Fully Meets,4.1,5,0,02/15/2019,0,3
"Biden, Lowan  M",10226,0,2,0,1,5,3,0,64919,0,19,Production Technician I,MA,02027,12/27/1958,F,Divorced,US Citizen,No,Asian,08/19/2013,,N/A-StillEmployed,Active,Production       ,Ketsia Liebig,19,Indeed,Fully Meets,4.2,3,0,01/10/2019,0,2
"Hitchcock, Alfred",10167,1,1,1,1,6,3,0,70545,0,3,Area Sales Manager,NH,03062,09/14/1988,M ,Married,US Citizen,No,American Indian or Alaska Native,08/18/2014,,N/A-StillEmployed,Active,Sales,John Smith,17,Indeed,Fully Meets,3.6,5,0,01/30/2019,0,9
"Walker, Roger",10190,0,0,1,1,5,3,0,66541,0,20,Production Technician II,MA,02459,10/02/1976,M ,Single,US Citizen,No,Black or African American,08/18/2014,,N/A-StillEmployed,Active,Production       ,Ketsia Liebig,19,Employee Referral,Fully Meets,3.11,5,0,02/12/2019,0,4
"Carter, Michelle ",10040,0,0,0,1,6,3,0,71860,0,3,Area Sales Manager,VT,05664,05/15/1963,F,Single,US Citizen,No,White,08/18/2014,,N/A-StillEmployed,Active,Sales,John Smith,17,Indeed,Fully Meets,5,5,0,01/21/2019,0,7
"Miller, Brannon",10116,0,0,1,1,5,3,0,83667,0,18,Production Manager,MA,02045,10/08/1981,M ,Single,US Citizen,yes,Hispanic,08/16/2012,,N/A-StillEmployed,Active,Production       ,Janet King,2,Indeed,Fully Meets,4.37,3,0,01/14/2019,0,2
"Cady, Max ",10150,0,0,1,1,4,3,0,77692,0,25,Software Engineering Manager,MA,02184,11/22/1966,M ,Single,US Citizen,No,White,08/15/2011,,N/A-StillEmployed,Active,Software Engineering,Jennifer Zamora,5,Google Search,Fully Meets,3.84,3,5,01/21/2019,0,4
"Heitzman, Anthony",10129,0,0,1,1,5,3,0,46998,0,19,Production Technician I,MA,02149,04/01/1984,M ,Single,US Citizen,No,White,08/13/2012,,N/A-StillEmployed,Active,Production       ,Ketsia Liebig,19,Google Search,Fully Meets,4.17,4,0,02/11/2019,0,1
"Beak, Kimberly  ",10023,1,1,0,2,5,4,0,70131,0,20,Production Technician II,MA,02145,04/17/1966,F,Married,US Citizen,No,White,07/21/2016,,N/A-StillEmployed,Active,Production       ,Kelley Spirea,18,Employee Referral,Exceeds,4.4,3,0,01/14/2019,0,16
"Corleone, Michael",10282,0,2,1,1,5,2,0,68051,0,18,Production Manager,MA,01803,12/17/1975,M ,Divorced,US Citizen,No,White,07/20/2010,,N/A-StillEmployed,Active,Production       ,Janet King,2,CareerBuilder,Needs Improvement,4.13,2,0,01/14/2019,3,3
"Carr, Claudia  N",10082,0,0,0,2,3,3,0,100031,0,27,Sr. DBA,MA,01886,06/06/1986,F,Single,US Citizen,No,Black or African American,06/30/2016,,N/A-StillEmployed,Active,IT/IS,Simon Roup,4,LinkedIn,Fully Meets,5,5,6,02/18/2019,0,7
"Soze, Keyser",10180,1,1,1,2,3,3,0,87565,0,28,Sr. Network Engineer,MA,01545,09/02/1983,M ,Married,US Citizen,No,Asian,06/30/2016,,N/A-StillEmployed,Active,IT/IS,Peter Monroe,7,LinkedIn,Fully Meets,3.27,4,5,01/14/2019,0,13
"Maurice, Shana",10053,1,1,0,1,5,3,0,54132,0,19,Production Technician I,MA,02330,11/22/1977,F,Married,US Citizen,No,White,05/31/2011,,N/A-StillEmployed,Active,Production       ,David Stanley,14,Indeed,Fully Meets,5,4,0,01/10/2019,0,8
"Smith, John",10291,0,2,1,1,6,2,1,72992,0,21,Sales Manager,MA,01886,08/16/1984,M ,Divorced,US Citizen,No,Black or African American,05/18/2014,,N/A-StillEmployed,Active,Sales,Debra Houlihan,15,Diversity Job Fair,Needs Improvement,2.4,4,0,01/16/2019,2,16
"Gaul, Barbara",10257,0,0,0,1,5,3,0,53171,0,19,Production Technician I,MA,02121,02/12/1983,F,Single,US Citizen,Yes,Black or African American,05/16/2011,,N/A-StillEmployed,Active,Production       ,Kelley Spirea,18,LinkedIn,Fully Meets,4.2,4,0,02/26/2019,0,12
"Lecter, Hannibal",10251,1,1,1,1,5,3,0,64738,0,19,Production Technician I,MA,01776,02/09/1982,M ,Married,US Citizen,No,Asian,05/14/2012,,N/A-StillEmployed,Active,Production       ,Elijiah Gray,16,Google Search,Fully Meets,4.1,3,0,02/22/2019,0,10
"Chigurh, Anton",10200,0,0,1,1,6,3,0,66808,0,3,Area Sales Manager,TX,78207,11/06/1970,M ,Single,Eligible NonCitizen,No,Black or African American,05/14/2012,,N/A-StillEmployed,Active,Sales,Lynn Daneault,21,Employee Referral,Fully Meets,3,5,0,01/19/2019,0,17
"Sutwell, Barbara",10209,0,0,0,1,5,3,0,59238,0,19,Production Technician I,MA,02718,08/15/1968,F,Single,Eligible NonCitizen,No,Asian,05/14/2012,,N/A-StillEmployed,Active,Production       ,Elijiah Gray,16,Indeed,Fully Meets,3.4,5,0,01/31/2019,0,13
"Moumanil, Maliki ",10120,0,3,1,1,5,3,0,74417,0,20,Production Technician II,MA,01460,01/12/1974,M ,Separated,US Citizen,No,Black or African American,05/13/2013,,N/A-StillEmployed,Active,Production       ,Michael Albert,22,LinkedIn,Fully Meets,4.29,5,0,01/28/2019,0,11
"Monterro, Luisa",10025,0,0,0,1,5,4,0,72460,0,20,Production Technician II,MA,02126,04/24/1970,F,Single,US Citizen,No,Black or African American,05/13/2013,,N/A-StillEmployed,Active,Production       ,Kissy Sullivan,20,Indeed,Exceeds,4.7,3,0,01/14/2019,0,1
"Leruth, Giovanni",10103,0,3,1,1,6,3,0,70468,0,3,Area Sales Manager,UT,84111,12/27/1988,M ,Separated,US Citizen,No,Black or African American,04/30/2012,,N/A-StillEmployed,Active,Sales,John Smith,17,Website,Fully Meets,4.53,3,0,01/29/2019,0,16
"Dunne, Amy",10211,1,1,0,1,5,3,0,62514,0,19,Production Technician I,MA,01749,09/23/1973,F,Married,US Citizen,No,White,04/26/2010,,N/A-StillEmployed,Active,Production       ,Ketsia Liebig,19,Google Search,Fully Meets,2.9,3,0,,0,6
"Gruber, Hans",10234,1,1,1,1,3,3,0,99020,0,4,BI Developer,MA,02134,06/30/1989,M ,Married,US Citizen,No,Black or African American,04/20/2017,,N/A-StillEmployed,Active,IT/IS,Brian Champaigne,13,Indeed,Fully Meets,4.2,5,5,,0,8
"Tannen, Biff",10173,1,1,1,1,3,3,0,90100,0,4,BI Developer,MA,02134,10/24/1987,M ,Married,US Citizen,No,White,04/20/2017,,N/A-StillEmployed,Active,IT/IS,Brian Champaigne,13,Indeed,Fully Meets,3.4,3,6,,0,14
"Foss, Jason",10015,0,0,1,1,3,4,0,178000,0,12,IT Director,MA,01460,05/07/1980,M ,Single,US Citizen,No,Black or African American,04/15/2011,,N/A-StillEmployed,Active,IT/IS,Jennifer Zamora,5,Indeed,Exceeds,5,5,5,,0,15
"Strong, Caitrin",10241,1,1,0,1,6,3,0,60120,0,3,Area Sales Manager,MT,59102,12/05/1989,F,Married,US Citizen,No,Black or African American,09/27/2010,,N/A-StillEmployed,Active,Sales,John Smith,17,Indeed,Fully Meets,4.1,4,0,,0,18
"Sander, Kamrin",10169,1,1,0,1,5,3,0,56147,0,19,Production Technician I,MA,02154,10/07/1988,F,Married,US Citizen,No,Black or African American,09/29/2014,,N/A-StillEmployed,Active,Production       ,Elijiah Gray,16,LinkedIn,Fully Meets,3.51,3,0,,0,2
"Steans, Tyrone  ",10147,0,0,1,1,1,3,0,63003,0,1,Accountant I,MA,02703,01/09/1986,M ,Single,US Citizen,No,White,09/29/2014,,N/A-StillEmployed,Active,Admin Offices,Brandon R. LeBlanc,1,Indeed,Fully Meets,3.9,5,5,,0,9
"Wolk, Hang  T",10174,0,0,0,1,5,3,0,60446,0,20,Production Technician II,MA,02302,04/20/1985,F,Single,US Citizen,No,White,09/29/2014,,N/A-StillEmployed,Active,Production       ,David Stanley,14,LinkedIn,Fully Meets,3.4,4,0,,0,14
"Buccheri, Joseph  ",10184,0,0,1,1,5,3,0,65288,0,20,Production Technician II,MA,01013,07/28/1983,M ,Single,US Citizen,No,White,09/29/2014,,N/A-StillEmployed,Active,Production       ,Webster Butler,,Google Search,Fully Meets,3.19,3,0,,0,9
"Girifalco, Evelyn",10018,0,0,0,1,5,4,0,57815,0,19,Production Technician I,MA,02451,08/05/1980,F,Single,US Citizen,Yes,Two or more races,09/29/2014,,N/A-StillEmployed,Active,Production       ,Amy Dunn,11,Indeed,Exceeds,3.9,4,0,,0,3
"Zima, Colleen",10271,0,4,0,1,5,3,0,45046,0,19,Production Technician I,MA,01730,08/17/1978,F,Widowed,US Citizen,No,Asian,09/29/2014,,N/A-StillEmployed,Active,Production       ,David Stanley,14,LinkedIn,Fully Meets,4.5,5,0,,0,2
"Delarge, Alex",10306,0,0,1,1,6,1,0,61568,0,3,Area Sales Manager,AL,36006,02/11/1975,M ,Single,US Citizen,No,Two or more races,09/29/2014,,N/A-StillEmployed,Active,Sales,John Smith,17,Indeed,PIP,1.93,3,0,,6,5
"Terry, Sharlene ",10161,0,0,0,1,6,3,0,58370,0,3,Area Sales Manager,OR,97756,07/05/1965,F,Single,US Citizen,No,Black or African American,09/29/2014,,N/A-StillEmployed,Active,Sales,Lynn Daneault,21,Indeed,Fully Meets,3.69,3,0,,0,18
"Smith, Joe",10027,0,0,1,1,5,4,0,60656,0,20,Production Technician II,MA,02045,10/30/1963,M ,Single,US Citizen,No,White,09/29/2014,,N/A-StillEmployed,Active,Production       ,Elijiah Gray,16,Indeed,Exceeds,4.3,3,0,,0,4
"Chace, Beatrice ",10067,0,0,0,1,5,3,0,61656,0,19,Production Technician I,MA,02763,02/01/1951,F,Single,US Citizen,No,White,09/29/2014,,N/A-StillEmployed,Active,Production       ,Michael Albert,22,Google Search,Fully Meets,5,4,0,,0,11
"Onque, Jasmine",10121,0,0,0,1,6,3,0,63051,0,3,Area Sales Manager,FL,33174,11/05/1990,F,Single,US Citizen,Yes,White,09/30/2013,,N/A-StillEmployed,Active,Sales,Lynn Daneault,21,Indeed,Fully Meets,4.28,3,0,,0,1
"Gosciminski, Phylicia  ",10218,0,3,0,3,5,3,0,66149,0,20,Production Technician II,MA,01824,08/12/1983,F,Separated,US Citizen,No,American Indian or Alaska Native,09/30/2013,,N/A-StillEmployed,Active,Production       ,Kissy Sullivan,20,Google Search,Fully Meets,4.4,5,0,,0,1
"Athwal, Sam",10062,0,4,1,1,5,3,0,59365,0,19,Production Technician I,MA,02199,02/18/1983,M ,Widowed,US Citizen,No,White,09/30/2013,,N/A-StillEmployed,Active,Production       ,Ketsia Liebig,19,Employee Referral,Fully Meets,5,4,0,,0,19
"Liebig, Ketsia",10017,1,1,0,1,5,4,0,77915,0,18,Production Manager,MA,02110,10/26/1981,F,Married,US Citizen,No,White,09/30/2013,,N/A-StillEmployed,Active,Production       ,Janet King,2,Website,Exceeds,4.1,3,0,,0,11
"Osturnka, Adeel",10021,1,1,1,1,5,4,0,47414,0,19,Production Technician I,MA,02478,11/12/1976,M ,Married,US Citizen,No,White,09/30/2013,,N/A-StillEmployed,Active,Production       ,Kelley Spirea,18,LinkedIn,Exceeds,5,3,0,,0,13
"Keatts, Kramer ",10192,0,0,1,1,5,3,0,50482,0,19,Production Technician I,MA,01887,01/19/1976,M ,Single,US Citizen,No,White,09/30/2013,,N/A-StillEmployed,Active,Production       ,Michael Albert,22,Indeed,Fully Meets,3.07,4,0,,0,10
"Sewkumar, Nori",10071,0,0,0,3,5,3,0,50923,0,19,Production Technician I,MA,02191,10/03/1975,F,Single,US Citizen,No,Asian,09/30/2013,,N/A-StillEmployed,Active,Production       ,Webster Butler,,Google Search,Fully Meets,5,5,0,,0,14
"Jacobi, Hannah  ",10236,0,2,0,1,5,3,0,45069,0,19,Production Technician I,MA,01778,03/22/1966,F,Divorced,US Citizen,No,White,09/30/2013,,N/A-StillEmployed,Active,Production       ,Kissy Sullivan,20,Employee Referral,Fully Meets,4.3,5,0,,0,7
"Shepard, Anita ",10179,1,1,0,1,3,3,0,50750,0,15,Network Engineer,MA,01773,04/14/1981,F,Married,US Citizen,No,White,09/30/2014,,N/A-StillEmployed,Active,IT/IS,Peter Monroe,7,LinkedIn,Fully Meets,3.31,3,6,,0,7
